{
 "channels": [
  {
   "label": "CDL-C 100ns 3km/h",
   "pdp": [
    0.6179342269897461,
    0.25461435317993164,
    0.030801566317677498,
    0.012352743186056614,
    0.007375556975603104,
    0.005484274122864008,
    0.0047797695733606815,
    0.004814809653908014,
    0.00559258135035634,
    0.007672314066439867,
    0.013285419903695583,
    0.0352923758327961
   ],
   "freq_corr": [
    1.0,
    0.9952849745750427,
    0.9818219542503357,
    0.9601934552192688,
    0.930803120136261,
    0.894463062286377,
    0.8520191311836243,
    0.8042675852775574,
    0.7517902255058289,
    0.6950840353965759,
    0.6351330280303955,
    0.5727983117103577
   ],
   "time_corr": [
    1.0,
    0.9982167482376099,
    0.9926624298095703,
    0.9833824038505554,
    0.9704521298408508,
    0.9539775252342224,
    0.9340927600860596,
    0.9109600782394409,
    0.8847679495811462,
    0.855729341506958,
    0.8240798711776733,
    0.7900761961936951,
    0.753993809223175,
    0.7161246538162231,
    0.6767756938934326,
    0.6362661719322205,
    0.5949263572692871,
    0.5530956983566284,
    0.5111221671104431,
    0.46936196088790894,
    0.42817994952201843,
    0.38795211911201477,
    0.3490695357322693,
    0.31194448471069336,
    0.2770197093486786,
    0.24477854371070862,
    0.21575379371643066,
    0.19052299857139587,
    0.16967053711414337,
    0.15368548035621643
   ],
   "sv_spectrum": [
    0.2577512860298157,
    0.2232142686843872,
    0.15812088549137115,
    0.11518724262714386,
    0.05711250379681587,
    0.042051952332258224,
    0.03323923796415329,
    0.025020869448781013,
    0.02078457549214363,
    0.01776476949453354,
    0.011513140983879566,
    0.009700851514935493,
    0.00609894935041666,
    0.005837508477270603,
    0.0051891496405005455,
    0.004175933543592691,
    0.0022049525287002325,
    0.0017987904138863087,
    0.0009004159364849329,
    0.0008526496822014451,
    0.0006675327313132584,
    0.0005976358661428094,
    0.00010307800403097644,
    9.136598237091675e-05,
    1.101156885852106e-05,
    9.14612701308215e-06,
    2.0556589674924908e-07,
    1.2526437842552696e-07,
    0.0,
    0.0,
    0.0,
    0.0
   ]
  },
  {
   "label": "CDL-C 300ns 3km/h",
   "pdp": [
    0.22420457005500793,
    0.4233555793762207,
    0.20936799049377441,
    0.04627332463860512,
    0.014520978555083275,
    0.009681819938123226,
    0.0072051044553518295,
    0.006631525233387947,
    0.007072246167808771,
    0.008829197846353054,
    0.01352350041270256,
    0.029334092512726784
   ],
   "freq_corr": [
    1.0,
    0.9588986039161682,
    0.8461363911628723,
    0.6829832792282104,
    0.48969128727912903,
    0.28799962997436523,
    0.14479108154773712,
    0.25974586606025696,
    0.46173563599586487,
    0.6433385014533997,
    0.7797778248786926,
    0.8611277937889099
   ],
   "time_corr": [
    1.0,
    0.9977912306785583,
    0.9914947748184204,
    0.9811602830886841,
    0.9668704271316528,
    0.9487378597259521,
    0.9269062280654907,
    0.901546835899353,
    0.8728585243225098,
    0.8410648107528687,
    0.8064121603965759,
    0.7691679000854492,
    0.7296162843704224,
    0.688058078289032,
    0.6448054313659668,
    0.6001806855201721,
    0.5545119643211365,
    0.5081316828727722,
    0.4613717794418335,
    0.41456201672554016,
    0.3680265545845032,
    0.3220808506011963,
    0.2770293056964874,
    0.233162522315979,
    0.19075465202331543,
    0.1500614732503891,
    0.1113182082772255,
    0.07473789900541306,
    0.040510550141334534,
    0.008816288784146309
   ],
   "sv_spectrum": [
    0.2247544527053833,
    0.20671260356903076,
    0.14980636537075043,
    0.12641069293022156,
    0.058164000511169434,
    0.048800278455019,
    0.04105318337678909,
    0.031989745795726776,
    0.030497586354613304,
    0.02371950075030327,
    0.013072238303720951,
    0.012239749543368816,
    0.00705347117036581,
    0.00663945684209466,
    0.005667340941727161,
    0.005075342021882534,
    0.0024496987462043762,
    0.0022291650529950857,
    0.0010409781243652105,
    0.0008836761699058115,
    0.0007804615888744593,
    0.000720364972949028,
    0.00011352713772794232,
    0.00010340030712541193,
    1.2331904144957662e-05,
    1.0073744306282606e-05,
    1.8520643152442062e-07,
    1.578755188802461e-07,
    0.0,
    0.0,
    0.0,
    0.0
   ]
  },
  {
   "label": "CDL-D 30ns (LOS)",
   "pdp": [
    0.982326328754425,
    0.009526575915515423,
    0.0038808509707450867,
    0.000603948428761214,
    0.00032481507514603436,
    0.00023790293198544532,
    0.00020685771596617997,
    0.00020780377963092178,
    0.00024108614888973534,
    0.00033085141330957413,
    0.0005744853406213224,
    0.0015385516453534365
   ],
   "freq_corr": [
    1.0000001192092896,
    0.9979128837585449,
    0.9928468465805054,
    0.9873798489570618,
    0.9832101464271545,
    0.9798852205276489,
    0.9755562543869019,
    0.9688709378242493,
    0.9602983593940735,
    0.9519057869911194,
    0.9458497762680054,
    0.9427918195724487
   ],
   "time_corr": [
    1.0,
    0.998386561870575,
    0.9935585260391235,
    0.985543429851532,
    0.9743871092796326,
    0.9601540565490723,
    0.9429246783256531,
    0.9227980971336365,
    0.899888277053833,
    0.8743253946304321,
    0.8462541699409485,
    0.8158329725265503,
    0.7832326889038086,
    0.7486361265182495,
    0.7122360467910767,
    0.6742345690727234,
    0.6348416209220886,
    0.5942738652229309,
    0.5527531504631042,
    0.5105053186416626,
    0.46775925159454346,
    0.42474570870399475,
    0.38169655203819275,
    0.33884483575820923,
    0.29642537236213684,
    0.2546774446964264,
    0.21385201811790466,
    0.17422865331172943,
    0.13616019487380981,
    0.10020548850297928
   ],
   "sv_spectrum": [
    0.4869758188724518,
    0.45852264761924744,
    0.010466926731169224,
    0.009311972185969353,
    0.008211956359446049,
    0.006975368596613407,
    0.004172337241470814,
    0.0037332449574023485,
    0.0021487500052899122,
    0.001739141414873302,
    0.001200711471028626,
    0.0010509348940104246,
    0.0008574509411118925,
    0.0008060864056460559,
    0.0007111500017344952,
    0.0006289122975431383,
    0.00045563734602183104,
    0.00036000963882543147,
    0.00032260306761600077,
    0.0002974663220811635,
    0.00020064892305526882,
    0.0001777842699084431,
    0.00013987062266096473,
    0.00011737510067177936,
    0.00010146699059987441,
    7.864239159971476e-05,
    6.52620947221294e-05,
    6.236127228476107e-05,
    3.7502988561755046e-05,
    3.192212898284197e-05,
    2.1861887944396585e-05,
    1.616917143110186e-05
   ]
  },
  {
   "label": "synthetic 4-ray",
   "pdp": [
    0.2463641646938256,
    0.014835145608660052,
    0.006543923443948346,
    0.004259568052327386,
    0.0034467375252349125,
    0.0032961875646291662,
    0.0036987360070819017,
    0.005020836665313852,
    0.009299677890584484,
    0.06982970244677501,
    0.26113479776117426,
    0.3722705223404451
   ],
   "freq_corr": [
    1.0,
    0.917532215432483,
    0.6999707627916611,
    0.4231975269645605,
    0.19535391215803827,
    0.15095074225736096,
    0.17717575800664082,
    0.15090274859818997,
    0.10976013971250012,
    0.09806363780429186,
    0.0857977719469306,
    0.07240065014844772
   ],