{
 "snr_db": [
  -5.0,
  0.0,
  5.0,
  10.0,
  15.0,
  20.0,
  25.0,
  30.0
 ],
 "ranks": {
  "1": {
   "R15 Type I": [
    2.473955122588835,
    3.894008124819108,
    5.4637363505473715,
    7.093653698624617,
    8.744542353068512,
    10.402292996266851,
    12.062238094760978,
    13.722879642405491
   ],
   "R15 Type II": [
    2.824108681573191,
    4.301754445004159,
    5.896430014502609,
    7.53532537950038,
    9.189186696279062,
    10.847891759625663,
    12.508140146296213,
    14.168877750658014
   ],
   "R16 eType II": [
    2.847329466981406,
    4.327712313192948,
    5.9234795348055975,
    7.562753234291896,
    9.216738046252464,
    10.875482568370352,
    12.535743474309784,
    14.196485041765339
   ],
   "R17 FeType II PS": [
    2.5762526907995476,
    4.01528773152366,
    5.593484382112603,
    7.226480610324405,
    8.878391742444537,
    10.536470957783456,
    12.19652049562176,
    13.857195123850433
   ],
   "R18 eType II Doppler": [
    2.8620148688069724,
    4.344551433949794,
    5.941239684920547,
    7.5808445458159035,
    9.234939077232717,
    10.893718838495149,
    12.553990943833906,
    14.21473605848081
   ],
   "eigen upper bound": [
    2.936805915096352,
    4.428986273350787,
    6.029598037210064,
    7.670573583083857,
    9.325116843002228,
    10.984040122458346,
    12.644357777080707,
    14.305117312259886
   ],
   "sgcs": {
    "R15 Type I": 0.650404437813818,
    "R15 Type II": 0.9075707813532913,
    "R16 eType II": 0.925654945307118,
    "R17 FeType II PS": 0.7335030982540178,
    "R18 eType II Doppler": 0.9373940973282514
   },
   "subspace_sgcs": {
    "R15 Type I": 0.6504044378138184,
    "R15 Type II": 0.9075707813532913,
    "R16 eType II": 0.925654945307118,
    "R17 FeType II PS": 0.7335030982540178,
    "R18 eType II Doppler": 0.9373940973282514
   },
   "overhead_bits": {
    "R15 Type I": 23.0,
    "R15 Type II": 201.8,
    "R16 eType II": 156.45,
    "R17 FeType II PS": 81.72,
    "R18 eType II Doppler": 237.02
   }
  },
  "2": {
   "R15 Type I": [
    1.9406927619717953,
    3.626776334761065,
    5.916000204884143,
    8.675669940207998,
    11.733010472365883,
    14.94436873267643,
    18.224059994900426,
    21.530903710778396
   ],
   "R15 Type II": [
    2.685089198139299,
    4.768890720375384,
    7.426113848140449,
    10.449596281789574,
    13.655473790175613,
    16.936522314959458,
    20.24488004378625,
    23.562435491797427
   ],
   "R16 eType II": [
    2.7120493735175426,
    4.803023481474798,
    7.463620673533898,
    10.48774529978403,
    13.693331916819481,
    16.97399935929905,
    20.28211745166422,
    23.599568868196982
   ],
   "R17 FeType II PS": [
    2.3751932764406813,
    4.27091189659422,
    6.755127745989938,
    9.661410235330468,
    12.805769665495218,
    16.05936854878161,
    19.35619818372391,
    22.66858165576053
   ],
   "R18 eType II Doppler": [
    2.7313814697781593,
    4.8343591984715015,
    7.505881161540365,
    10.537564932005951,
    13.74727224646949,
    17.029768771958484,
    20.33858896359072,
    23.656285007587535
   ],
   "eigen upper bound": [
    2.8631576089015867,
    5.026677279769141,
    7.745383023230385,
    10.804436943225287,
    14.0266997916282,
    17.31412613331511,
    20.624706994519805,
    23.942993334438878
   ],
   "sgcs": {
    "R15 Type I": 0.26883908196849815,
    "R15 Type II": 0.8756056553835638,
    "R16 eType II": 0.8909389198282728,
    "R17 FeType II PS": 0.6732116434682431,
    "R18 eType II Doppler": 0.9072487639663109
   },
   "subspace_sgcs": {
    "R15 Type I": 0.5174320559369229,
    "R15 Type II": 0.8880885517536748,
    "R16 eType II": 0.902305415022438,
    "R17 FeType II PS": 0.7238862006038593,
    "R18 eType II Doppler": 0.9161230797231623
   },
   "overhead_bits": {
    "R15 Type I": 17.0,
    "R15 Type II": 392.36,
    "R16 eType II": 304.28,
    "R17 FeType II PS": 154.51,
    "R18 eType II Doppler": 484.53
   }
  }
 }
}