{
 "ports": [
  8,
  16,
  24,
  32
 ],
 "sweep": {
  "R15 Type I": {
   "se": [
    5.962481231652223,
    6.913488246609367,
    7.489901422849606,
    7.898511342955274
   ],
   "ub": [
    6.304030763160764,
    7.290987525029825,
    7.878787971678268,
    8.28756941998106
   ],
   "sgcs": [
    0.7647994704723434,
    0.7429572996803134,
    0.7389108570364046,
    0.7386761238332984
   ],
   "bits": [
    22.0,
    23.0,
    24.0,
    24.0
   ]
  },
  "R15 Type II": {
   "se": [
    6.1926832962219125,
    7.164098722735937,
    7.736450635252672,
    8.139853641977298
   ],
   "ub": [
    6.304030763160764,
    7.290987525029825,
    7.878787971678268,
    8.28756941998106
   ],
   "sgcs": [
    0.9224083994355704,
    0.9130100853262046,
    0.904010673497196,
    0.9005129806802515
   ],
   "bits": [
    196.0,
    203.0,
    205.0,
    207.0
   ]
  },
  "R16 eType II": {
   "se": [
    6.221218539175493,
    7.216055907002248,
    7.774960179520792,
    8.1745308665428
   ],
   "ub": [
    6.304030763160764,
    7.290987525029825,
    7.878787971678268,
    8.28756941998106
   ],
   "sgcs": [
    0.9418036462103351,
    0.9473743715083154,
    0.9276767991202346,
    0.9220732338176985
   ],
   "bits": [
    152.25,
    156.625,
    153.375,
    156.25
   ]
  },
  "R17 FeType II PS": {
   "se": [
    5.986949881937212,
    7.062423592811347,
    7.675172469399431,
    8.111586907383176
   ],
   "ub": [
    6.304030763160764,
    7.290987525029825,
    7.8787879716782685,
    8.28756941998106
   ],
   "sgcs": [
    0.7874160278010797,
    0.8439884277117978,
    0.8593938513840563,
    0.8785564173542177
   ],
   "bits": [
    41.0,
    82.0,
    122.0,
    161.125
   ]
  },
  "R18 eType II Doppler": {
   "se": [
    6.264107338267203,
    7.221426491771771,
    7.783054904106855,
    8.176180103131593
   ],
   "ub": [
    6.304030763160764,
    7.290987525029825,
    7.878787971678268,
    8.28756941998106
   ],
   "sgcs": [
    0.9692018525704651,
    0.9513641866823521,
    0.9334792988463703,
    0.923143435324124
   ],
   "bits": [
    231.0,
    227.5,
    215.5,
    206.125
   ]
  }
 },
 "contrast_16x1": {
  "R15 Type I": {
   "se": 7.919071095373484,
   "ub": 8.289804787876271,
   "sgcs": 0.7502138450714703,
   "bits": 22.0
  },
  "R15 Type II": {
   "se": 8.175579945084856,
   "ub": 8.289804787876271,
   "sgcs": 0.9212970571614845,
   "bits": 205.0
  },
  "R16 eType II": {
   "se": 8.206863249623567,
   "ub": 8.289804787876271,
   "sgcs": 0.9417130041116972,
   "bits": 151.625
  },
  "R17 FeType II PS": {
   "se": 8.111926835365802,
   "ub": 8.289804787876271,
   "sgcs": 0.8690978065822079,
   "bits": 157.625
  },
  "R18 eType II Doppler": {
   "se": 8.209793995389305,
   "ub": 8.289804787876271,
   "sgcs": 0.9445105633776394,
   "bits": 206.75
  }
 },
 "se_upper_bound": [
  6.304030763160764,
  7.290987525029825,
  7.878787971678268,
  8.28756941998106
 ]
}