{
 "snr_db": [
  -5.0,
  0.0,
  5.0,
  10.0,
  15.0,
  20.0,
  25.0,
  30.0
 ],
 "ranks": {
  "1": {
   "R15 Type I": [
    2.3110713840617647,
    3.7178591917849237,
    5.284301888054435,
    6.913488246609367,
    8.564192817873575,
    10.221890693283244,
    11.881819676092604,
    13.542456185480814
   ],
   "R15 Type II": [
    2.515575075786848,
    3.951962212814,
    5.5306323636339805,
    7.164098722735937,
    8.816204244475811,
    10.474350118388148,
    12.134421276342737,
    13.795102796264521
   ],
   "R16 eType II": [
    2.557175373668711,
    4.000166081442592,
    5.581610466196297,
    7.216055907002248,
    8.868482891530348,
    10.526731668994268,
    12.186835494837712,
    13.84752735801422
   ],
   "R17 FeType II PS": [
    2.4277559880883848,
    3.8548212434375753,
    5.43008418871425,
    7.062423592811347,
    8.714167818434365,
    10.37219895230092,
    12.032233777615549,
    13.692903803288317
   ],
   "R18 eType II Doppler": [
    2.561716842285212,
    4.005256245686295,
    5.586910251601969,
    7.221426491771771,
    8.873876351849004,
    10.532132413094148,
    12.192238547300526,
    13.852931140949647
   ],
   "eigen upper bound": [
    2.619233804497132,
    4.070544104403979,
    5.655367297761907,
    7.290987525029825,
    8.943798159161478,
    10.602169528512253,
    12.26231225031529,
    13.923016426434748
   ],
   "sgcs": {
    "R15 Type I": 0.7429572996803134,
    "R15 Type II": 0.9130100853262046,
    "R16 eType II": 0.9473743715083154,
    "R17 FeType II PS": 0.8439884277117978,
    "R18 eType II Doppler": 0.9513641866823521
   },
   "subspace_sgcs": {
    "R15 Type I": 0.7429572996803138,
    "R15 Type II": 0.9130100853262048,
    "R16 eType II": 0.9473743715083154,
    "R17 FeType II PS": 0.8439884277117979,
    "R18 eType II Doppler": 0.9513641866823522
   },
   "overhead_bits": {
    "R15 Type I": 23.0,
    "R15 Type II": 203.0,
    "R16 eType II": 156.625,
    "R17 FeType II PS": 82.0,
    "R18 eType II Doppler": 227.5
   }
  },
  "2": {
   "R15 Type I": [
    1.6161575560565182,
    3.2063555055457993,
    5.450990057905771,
    8.204960275996658,
    11.279054190944203,
    14.508894807507566,
    17.799714017264836,
    21.1115708322364
   ],
   "R15 Type II": [
    2.298878913686363,
    4.267610581605277,
    6.871228355899471,
    9.882639241130672,
    13.090414814204408,
    16.374055193742844,
    19.683627659478702,
    23.001622671960202
   ],
   "R16 eType II": [
    2.3392368900946727,
    4.32771300813597,
    6.945426552984446,
    9.964154859522669,
    13.174893801477499,
    16.45956896281242,
    19.769480147013134,
    23.08758348756575
   ],
   "R17 FeType II PS": [
    2.204516797652574,
    4.096816216063209,
    6.629812044328929,
    9.593754423150074,
    12.777260605794622,
    16.051048919927975,
    19.357165540968836,
    22.674026769851707
   ],
   "R18 eType II Doppler": [
    2.350661573006628,
    4.34668269689505,
    6.971057421498565,
    9.993744325008183,
    13.206188050499986,
    16.491472285718316,
    19.80158437758669,
    23.119752131271436
   ],
   "eigen upper bound": [
    2.4739327395276396,
    4.521123582371801,
    7.1827000824605145,
    10.225003099955819,
    13.445442208335267,
    16.733524482502236,
    20.04455311483761,
    23.363014060216436
   ],
   "sgcs": {
    "R15 Type I": 0.2240218704887194,
    "R15 Type II": 0.8808873712771321,
    "R16 eType II": 0.9108231404873839,
    "R17 FeType II PS": 0.7965717761084778,
    "R18 eType II Doppler": 0.9206285706776192
   },
   "subspace_sgcs": {
    "R15 Type I": 0.5005477345634307,
    "R15 Type II": 0.8925714919701733,
    "R16 eType II": 0.9182314095186246,
    "R17 FeType II PS": 0.8338295464620167,
    "R18 eType II Doppler": 0.9271250875321994
   },
   "overhead_bits": {
    "R15 Type I": 17.0,
    "R15 Type II": 395.0,
    "R16 eType II": 308.375,
    "R17 FeType II PS": 155.0,
    "R18 eType II Doppler": 477.25
   }
  }
 }
}