{
  "profiles": {
    "labels": [
      "mixed",
      "A",
      "B",
      "C",
      "D",
      "E"
    ],
    "codebook": [
      0.9365102000006078,
      0.9728267983996669,
      0.8734441753305157,
      0.9324088715174911,
      0.9628095065863437,
      0.9289197991416764
    ],
    "prism": [
      0.9766740516446464,
      0.9871867290398597,
      0.9332225500291694,
      0.9836254941292506,
      0.9901018693662023,
      0.982314173359612
    ]
  },
  "k_sweep_mixed_at_98b": {
    "PRISM K1 (pooled)": 0.9029000360129393,
    "PRISM K2": 0.9154277289941277,
    "PRISM K4": 0.9526628130998489,
    "PRISM K8": 0.954563334746918
  },
  "gain": {
    "mixed": {
      "0.85": {
        "codebook": 67.6,
        "prism": 34.0
      },
      "0.90": {
        "codebook": 113.2,
        "prism": 50.0
      },
      "0.92": {
        "codebook": 144.09,
        "prism": 62.0
      },
      "0.95": {
        "codebook": null,
        "prism": 98.0
      },
      "0.97": {
        "codebook": null,
        "prism": 146.0
      }
    },
    "C": {
      "0.85": {
        "codebook": 90.0,
        "prism": 34.0
      },
      "0.90": {
        "codebook": 116.37,
        "prism": 62.0
      },
      "0.92": {
        "codebook": 161.37,
        "prism": 62.0
      },
      "0.95": {
        "codebook": null,
        "prism": 98.0
      },
      "0.97": {
        "codebook": null,
        "prism": 122.0
      }
    },
    "D": {
      "0.85": {
        "codebook": 24.0,
        "prism": 26.0
      },
      "0.90": {
        "codebook": 48.16,
        "prism": 34.0
      },
      "0.92": {
        "codebook": 65.30666666666667,
        "prism": 34.0
      },
      "0.95": {
        "codebook": 86.96,
        "prism": 50.0
      },
      "0.97": {
        "codebook": null,
        "prism": 74.0
      }
    },
    "E": {
      "0.85": {
        "codebook": 24.0,
        "prism": 34.0
      },
      "0.90": {
        "codebook": 93.52,
        "prism": 50.0
      },
      "0.92": {
        "codebook": 117.36,
        "prism": 62.0
      },
      "0.95": {
        "codebook": null,
        "prism": 98.0
      },
      "0.97": {
        "codebook": null,
        "prism": 122.0
      }
    }
  }
}