{
  "profiles": {
    "models": [
      "A",
      "B",
      "C",
      "D",
      "E"
    ],
    "best codebook": [
      0.9728267983996669,
      0.8692920562323225,
      0.9324088715174911,
      0.9628095065863437,
      0.9289197991416764
    ],
    "GLIMPSE (learned)": [
      0.9785671588655651,
      0.9152674203748038,
      0.9717211943117985,
      0.9223584407524215,
      0.8216014426523126
    ],
    "PRISM K4": [
      0.9871867290398597,
      0.9332225500291694,
      0.9836254941292506,
      0.9901018693662023,
      0.982314173359612
    ]
  },
  "k_sweep_at_96b": {
    "PRISM K1 (pooled)": 0.9400062010215495,
    "PRISM K2": 0.9363771266455914,
    "PRISM K4": 0.9599591870134176,
    "PRISM K8": 0.9598642788670277
  },
  "gain": {
    "targets": [
      "0.80",
      "0.85",
      "0.90",
      "0.92",
      "0.95"
    ],
    "codebook": [
      49.0,
      90.0,
      116.37,
      162.285,
      null
    ],
    "glimpse": [
      24.0,
      36.0,
      60.0,
      60.0,
      96.0
    ],
    "prism": [
      26.0,
      34.0,
      62.0,
      62.0,
      98.0
    ]
  }
}