{
  "models": [
    "A",
    "B",
    "C",
    "D",
    "E"
  ],
  "glimpse_sgcs": [
    0.9785671588655651,
    0.9152674203748038,
    0.9717211943117985,
    0.9223584407524215,
    0.8216014426523126
  ],
  "codebook_sgcs": [
    0.9728267983996669,
    0.8692920562323225,
    0.9324088715174911,
    0.9628095065863437,
    0.9289197991416764
  ],
  "glimpse_bits": [
    144.0,
    144.0,
    144.0,
    144.0,
    144.0
  ],
  "codebook_bits": [
    149.54,
    118.81333333333333,
    162.285,
    161.34666666666666,
    157.86666666666667
  ]
}