{
  "targets": [
    "0.70",
    "0.80",
    "0.85",
    "0.90",
    "0.92"
  ],
  "codebook_bits": [
    34.0,
    49.0,
    90.0,
    116.37,
    162.285
  ],
  "glimpse_bits": [
    24.0,
    24.0,
    36.0,
    60.0,
    60.0
  ],
  "reduction_pct": [
    29.411764705882348,
    51.02040816326531,
    60.0,
    48.44031967001805,
    63.028006285238924
  ]
}