{
 "n3": [
  4,
  8,
  12,
  18,
  24,
  32
 ],
 "sgcs": {
  "R15 Type I": [
   0.6377075852929602,
   0.6382204834287644,
   0.6380062352734959,
   0.6377204384396262,
   0.6384870936254808,
   0.6379214877392269
  ],
  "R15 Type II": [
   0.9466717063528783,
   0.9467894622178902,
   0.9461484400925385,
   0.9459119497329667,
   0.9475242068092148,
   0.946675912939338
  ],
  "R16 eType II pc4 (p_v=1/4)": [
   0.8554655548320463,
   0.92086831816502,
   0.9428722221704271,
   0.9548223897023005,
   0.9577193208614189,
   0.9573513969145835
  ],
  "R16 eType II pc6 (p_v=1/2)": [
   0.925061159262165,
   0.953004902498897,
   0.958337071553377,
   0.9589772159716333,
   0.9593910402709624,
   0.9578639062802421
  ]
 },
 "bits": {
  "R15 Type I": [
   15.0,
   23.0,
   31.0,
   43.0,
   55.0,
   71.0
  ],
  "R15 Type II": [
   116.4,
   197.4,
   278.6,
   402.2,
   524.6,
   687.8
  ],
  "R16 eType II pc4 (p_v=1/4)": [
   47.0,
   86.0,
   124.18333333333334,
   185.15,
   202.66666666666666,
   237.83333333333334
  ],
  "R16 eType II pc6 (p_v=1/2)": [
   85.0,
   155.63333333333333,
   203.33333333333334,
   247.91666666666666,
   279.4166666666667,
   325.95
  ]
 }
}