{
 "snr_db": [
  -5.0,
  0.0,
  5.0,
  10.0,
  15.0,
  20.0,
  25.0,
  30.0
 ],
 "ranks": {
  "1": {
   "R15 Type I": [
    4.186109230143939,
    5.790714025297154,
    7.433368034621584,
    9.088491159602604,
    10.747603000392836,
    12.407980812039705,
    14.068759423716358,
    15.729664826046468
   ],
   "R15 Type II": [
    4.548866418017377,
    6.166551379682387,
    7.81354806208017,
    9.470066253934585,
    11.129621471684606,
    12.790139714494185,
    14.450962756749172,
    16.111882211497615
   ],
   "R16 eType II": [
    4.587811545567664,
    6.206723619641062,
    7.854124950716491,
    9.510772842140492,
    11.170369250934314,
    12.830900537222908,
    14.491727705963491,
    16.152648465798876
   ],
   "R17 FeType II PS": [
    4.472444327192348,
    6.0875786708454,
    7.733731965718374,
    9.38997958719043,
    11.049448850070178,
    12.709939872062865,
    14.37075430238334,
    16.03167103340314
   ],
   "R18 eType II Doppler": [
    4.587600772925047,
    6.206507728039144,
    7.853907388855462,
    9.510554746777366,
    11.170150986325506,
    12.830682219039993,
    14.491509370833555,
    16.15243012530929
   ],
   "eigen upper bound": [
    4.644516775774114,
    6.265113192092217,
    7.913068604549806,
    9.569893951522156,
    11.229546703796206,
    12.890095830269471,
    14.550928642856192,
    16.21185118766097
   ],
   "sgcs": {
    "R15 Type I": 0.5764259341839473,
    "R15 Type II": 0.913595037593888,
    "R16 eType II": 0.9515235782315744,
    "R17 FeType II PS": 0.8480874946314438,
    "R18 eType II Doppler": 0.9514726322597562
   },
   "subspace_sgcs": {
    "R15 Type I": 0.5764259341839472,
    "R15 Type II": 0.9135950375938882,
    "R16 eType II": 0.9515235782315744,
    "R17 FeType II PS": 0.8480874946314438,
    "R18 eType II Doppler": 0.9514726322597563
   },
   "overhead_bits": {
    "R15 Type I": 64.0,
    "R15 Type II": 622.48,
    "R16 eType II": 340.5,
    "R17 FeType II PS": 122.0,
    "R18 eType II Doppler": 457.39
   }
  },
  "2": {
   "R15 Type I": [
    5.705778479303544,
    8.716897788088563,
    11.931745782867177,
    15.218795154884866,
    18.529586649042677,
    21.84798216497341,
    25.168792066876566,
    28.49036644856743
   ],
   "R15 Type II": [
    6.53533258604898,
    9.632949406296262,
    12.87971083557553,
    16.177404885416085,
    19.491621623509182,
    22.811106337618774,
    26.132261282567487,
    29.453944837419012
   ],
   "R16 eType II": [
    6.634595548696467,
    9.74223453738693,
    12.992618245100966,
    16.291510393517612,
    19.60611153900288,
    22.92571837601328,
    26.24691199616702,
    29.56860778685682
   ],
   "R17 FeType II PS": [
    6.361989967314912,
    9.441305551172507,
    12.681225960029062,
    15.976618778016714,
    19.290092356228726,
    22.60934045298271,
    25.930420409773006,
    29.252080234896415
   ],
   "R18 eType II Doppler": [
    6.635675294738784,
    9.74345850723843,
    12.993896354527092,
    16.29280666505099,
    19.60741366551279,
    22.927022365445165,
    26.248216575856414,
    29.56991255331728
   ],
   "eigen upper bound": [
    6.7808110790430804,
    9.901026195387047,
    13.155881686941298,
    16.456244528101426,
    19.77131666615943,
    23.091073044586555,
    26.412314014214033,
    29.73402478416351
   ],
   "sgcs": {
    "R15 Type I": 0.3121793657887808,
    "R15 Type II": 0.887116887339793,
    "R16 eType II": 0.9358655166080534,
    "R17 FeType II PS": 0.8002819486658497,
    "R18 eType II Doppler": 0.9362594802681218
   },
   "subspace_sgcs": {
    "R15 Type I": 0.5704267887810215,
    "R15 Type II": 0.9022776479039258,
    "R16 eType II": 0.9418254852296266,
    "R17 FeType II PS": 0.834225326322964,
    "R18 eType II Doppler": 0.9421265808232117
   },
   "overhead_bits": {
    "R15 Type I": 38.0,
    "R15 Type II": 1231.96,
    "R16 eType II": 747.49,
    "R17 FeType II PS": 232.0,
    "R18 eType II Doppler": 992.12
   }
  }
 }
}