{
 "per_interval": {
  "R15 Type II": [
   0.9224428377244052,
   0.8538352512305765,
   0.7016771386787759,
   0.5783357228299604,
   0.5171522221920839,
   0.44580303415741457,
   0.3497246286599126,
   0.2969412458170156
  ],
  "R16 eType II": [
   0.9311592767399104,
   0.8684950350805364,
   0.7060663319603416,
   0.5698519190229715,
   0.5039147965060262,
   0.4325168387594094,
   0.3381319741663612,
   0.2891661593184036
  ],
  "R18 eType II Doppler N4=2": [
   0.9304512626975342,
   0.9297719207914644,
   0.834196433157677,
   0.659139827052664,
   0.556664964744767,
   0.4907020253277301,
   0.3905843076142576,
   0.3199207847783488
  ],
  "R18 eType II Doppler N4=4": [
   0.8839569330284943,
   0.9238051429997894,
   0.9261203638123565,
   0.8733281141528566,
   0.7966293528736895,
   0.6784365942757111,
   0.5615357121542505,
   0.46847268623998356
  ],
  "R18 eType II Doppler N4=8": [
   0.739371560476589,
   0.8692418674873645,
   0.8922079395195095,
   0.895661928771646,
   0.9013844287261372,
   0.8840393704483082,
   0.8661147399220107,
   0.7774906248391863
  ]
 },
 "aging": {
  "delays": [
   0,
   1,
   2,
   3,
   4,
   6
  ],
  "R15 Type I": [
   0.5747490134136739,
   0.5694789434557421,
   0.5219393882249755,
   0.47716393450419037,
   0.4683757367958877,
   0.4158234919788284
  ],
  "R15 Type II": [
   0.9224428377244052,
   0.8538352512305765,
   0.7016771386787759,
   0.5783357228299604,
   0.5171522221920838,
   0.3497246286599126
  ],
  "R16 eType II": [
   0.9311592767399105,
   0.8684950350805364,
   0.7060663319603416,
   0.5698519190229715,
   0.5039147965060262,
   0.33813197416636115
  ],
  "R17 FeType II PS": [
   0.892766265159636,
   0.8311658497113538,
   0.6893361974244229,
   0.5728849196881796,
   0.5124039799360076,
   0.35185889502112205
  ],
  "R18 eType II Doppler": [
   0.9018026384983742,
   0.8372789910083325,
   0.7047767911585769,
   0.6063639130872868,
   0.533047328462691,
   0.3646341481088946
  ],
  "R18 eType II Doppler (delay-aware)": [
   0.9018026384983742,
   0.8799707434596731,
   0.8186286062786534,
   0.727482443364127,
   0.6262685863859088,
   0.43965246977493
  ]
 }
}