{
 "per_interval": {
  "R15 Type II": [
   0.9452010109221007,
   0.8469481973700496,
   0.6937722807704962,
   0.5707521371768487,
   0.4905195399234053,
   0.428718995741694,
   0.3727140788631596,
   0.3363274339301074
  ],
  "R16 eType II": [
   0.9538545208306822,
   0.854113138673816,
   0.6972148189880959,
   0.5720220476750951,
   0.4899608243667701,
   0.42637282378755004,
   0.37067498231616597,
   0.335654315360969
  ],
  "R18 eType II Doppler N4=2": [
   0.9532669798921876,
   0.9510987995653477,
   0.8503777082440941,
   0.682560169378666,
   0.5518784679903447,
   0.46324238285955643,
   0.40028599382604196,
   0.3649954472998564
  ],
  "R18 eType II Doppler N4=4": [
   0.8821655886006501,
   0.9319836815822974,
   0.9355656720880641,
   0.8892597776300761,
   0.7751502121614989,
   0.6156758802964167,
   0.49535530548531953,
   0.4422806716995832
  ],
  "R18 eType II Doppler N4=8": [
   0.7577744760823002,
   0.8767820460941063,
   0.9075029924627088,
   0.9012360185303435,
   0.8947518326401032,
   0.9022986275274069,
   0.868737186332149,
   0.739775782030392
  ]
 },
 "aging": {
  "delays": [
   0,
   1,
   2,
   3,
   4,
   6
  ],
  "R15 Type I": [
   0.6382204829484172,
   0.586785434802678,
   0.5130160719875182,
   0.4462886473186928,
   0.40968793520407154,
   0.3464865813249132
  ],
  "R15 Type II": [
   0.945201010922101,
   0.8469481973700501,
   0.6937722807704964,
   0.5707521371768486,
   0.4905195399234053,
   0.37271407886315955
  ],
  "R16 eType II": [
   0.9538545208306822,
   0.8541131386738161,
   0.6972148189880958,
   0.5720220476750952,
   0.48996082436677,
   0.370674982316166
  ],
  "R17 FeType II PS": [
   0.8982404774999063,
   0.8101793845938324,
   0.6757138678186484,
   0.561557090026463,
   0.4844800431363747,
   0.36959449196083044
  ],
  "R18 eType II Doppler": [
   0.9097436799752716,
   0.839563481321785,
   0.7028768134871506,
   0.5819248501789217,
   0.4998605923624855,
   0.3880389211619709
  ],
  "R18 eType II Doppler (delay-aware)": [
   0.9097436799752716,
   0.8829898358654841,
   0.8039128855440139,
   0.6938602938933278,
   0.5821155174107047,
   0.427636761060329
  ]
 }
}