{
 "snr_db": [
  -5.0,
  0.0,
  5.0,
  10.0,
  15.0,
  20.0,
  25.0,
  30.0
 ],
 "ranks": {
  "1": {
   "R15 Type I": [
    3.3172665041927365,
    4.8735582013748395,
    6.499681262693133,
    8.149438983915852,
    9.806839904451287,
    11.466675237939631,
    13.12728215872562,
    14.788133253190638
   ],
   "R15 Type II": [
    3.8886901273223775,
    5.4809994746439505,
    7.119545198967956,
    8.773345778241115,
    10.432037007676884,
    12.09228157026619,
    13.753018020836421,
    15.41391008824706
   ],
   "R16 eType II": [
    3.8984361722027776,
    5.491202077695469,
    7.129901284037919,
    8.783751371618127,
    10.442458356373034,
    12.102707911241856,
    13.763445941512678,
    15.424338508568896
   ],
   "R17 FeType II PS": [
    3.847169722037984,
    5.437360193747699,
    7.0751889840630895,
    8.72875779622681,
    10.387375216751327,
    12.047596386738066,
    13.708325434687431,
    15.369215160660357
   ],
   "R18 eType II Doppler": [
    3.9066855268753202,
    5.499855375174959,
    7.138690777867785,
    8.79258484163221,
    10.45130582567234,
    12.111559816850765,
    13.772299250942702,
    15.433192262019885
   ],
   "eigen upper bound": [
    3.9935522205992435,
    5.59077075998116,
    7.230967466680604,
    8.885300674898696,
    10.544161413923572,
    12.204459688657371,
    13.865213135373635,
    15.526110578525781
   ],
   "sgcs": {
    "R15 Type I": 0.5747490145931902,
    "R15 Type II": 0.9230411347186097,
    "R16 eType II": 0.9300293295331423,
    "R17 FeType II PS": 0.8927662656466432,
    "R18 eType II Doppler": 0.9344891414353838
   },
   "subspace_sgcs": {
    "R15 Type I": 0.5747490145931902,
    "R15 Type II": 0.9230411347186098,
    "R16 eType II": 0.9300293295331423,
    "R17 FeType II PS": 0.8927662656466431,
    "R18 eType II Doppler": 0.9344891414353838
   },
   "overhead_bits": {
    "R15 Type I": 24.0,
    "R15 Type II": 204.0,
    "R16 eType II": 160.75,
    "R17 FeType II PS": 162.0,
    "R18 eType II Doppler": 218.125
   }
  },
  "2": {
   "R15 Type I": [
    3.583930596842108,
    6.12278015820687,
    9.109330466006737,
    12.306993784921588,
    15.58678266100247,
    18.89503364937058,
    22.212598543153042,
    25.533142954279917
   ],
   "R15 Type II": [
    4.591249290907671,
    7.396400821421813,
    10.523839469529193,
    13.779961452410063,
    17.080591226483108,
    20.395733159860406,
    23.715510104868468,
    27.036757426361863
   ],
   "R16 eType II": [
    4.638396597406563,
    7.457397877441366,
    10.591483894009114,
    13.850089426236522,
    17.15155148703511,
    20.466961654203637,
    23.786823938327604,
    27.108098298422256
   ],
   "R17 FeType II PS": [
    4.543940984394419,
    7.34416906350746,
    10.469921033577409,
    13.725511231556588,
    17.02597418790748,
    20.3410635568165,
    23.660823900164516,
    26.98206597388262
   ],
   "R18 eType II Doppler": [
    4.65286188832166,
    7.474636602596934,
    10.609870443466772,
    13.8688755896343,
    17.17046808178169,
    20.485919914848953,
    23.805795417317174,
    27.12707396167638
   ],
   "eigen upper bound": [
    4.853933909930229,
    7.716248960978166,
    10.869579758867111,
    14.135142835490216,
    17.438909050128412,
    20.75505890242528,
    24.075156222283926,
    27.396505020590823
   ],
   "sgcs": {
    "R15 Type I": 0.31590714844617346,
    "R15 Type II": 0.8856596072690874,
    "R16 eType II": 0.9040786676089542,
    "R17 FeType II PS": 0.8619477727709617,
    "R18 eType II Doppler": 0.9100304053388644
   },
   "subspace_sgcs": {
    "R15 Type I": 0.5738591125109228,
    "R15 Type II": 0.8954556318521242,
    "R16 eType II": 0.9096428498748098,
    "R17 FeType II PS": 0.874390126248169,
    "R18 eType II Doppler": 0.9148434171116719
   },
   "overhead_bits": {
    "R15 Type I": 18.0,
    "R15 Type II": 396.0,
    "R16 eType II": 310.625,
    "R17 FeType II PS": 308.0,
    "R18 eType II Doppler": 452.375
   }
  }
 }
}