{
 "ports": [
  8,
  16,
  24,
  32
 ],
 "sweep": {
  "R15 Type I": {
   "se": [
    6.5873987941726435,
    7.193932150765124,
    7.544747545815663,
    7.89434209362561
   ],
   "ub": [
    7.005477319662327,
    7.901387554565656,
    8.440718566719367,
    8.839289040837473
   ],
   "sgcs": [
    0.7244271841430094,
    0.584563692296072,
    0.5180105715579478,
    0.47271803054364125
   ],
   "bits": [
    22.0,
    23.0,
    24.0,
    24.0
   ]
  },
  "R15 Type II": {
   "se": [
    6.954753970398358,
    7.820614860355836,
    8.334381667870998,
    8.676727597403916
   ],
   "ub": [
    7.005477319662327,
    7.901387554565656,
    8.440718566719367,
    8.839289040837473
   ],
   "sgcs": [
    0.9626179914432514,
    0.9431145317965661,
    0.9259727466933796,
    0.8912335628033938
   ],
   "bits": [
    184.0,
    197.0,
    193.0,
    204.0
   ]
  },
  "R16 eType II": {
   "se": [
    6.9667319146145035,
    7.835163398010563,
    8.333342766553086,
    8.669433894595047
   ],
   "ub": [
    7.005477319662327,
    7.901387554565656,
    8.440718566719367,
    8.839289040837473
   ],
   "sgcs": [
    0.9714975978166168,
    0.9532945641444711,
    0.9262446284275179,
    0.8867440539523198
   ],
   "bits": [
    142.75,
    157.625,
    160.5,
    159.0
   ]
  },
  "R17 FeType II PS": {
   "se": [
    6.816418098749277,
    7.750287580379906,
    8.286716418856527,
    8.641315944898066
   ],
   "ub": [
    7.005477320827673,
    7.901387551712988,
    8.440718566133974,
    8.83928903981444
   ],
   "sgcs": [
    0.8682787316312459,
    0.8960902918532154,
    0.8960015101594994,
    0.8668866006258595
   ],
   "bits": [
    41.0,
    82.0,
    122.0,
    162.0
   ]
  },
  "R18 eType II Doppler": {
   "se": [
    6.9720199525018955,
    7.844452675049441,
    8.344663971090323,
    8.68884651082175
   ],
   "ub": [
    7.0053234820769985,
    7.903619871970345,
    8.443079000894663,
    8.840684258730981
   ],
   "sgcs": [
    0.9750993176554562,
    0.9578466966090297,
    0.9324043467072225,
    0.8984423097599314
   ],
   "bits": [
    190.375,
    215.875,
    219.625,
    234.0
   ]
  }
 },
 "contrast_16x1": {
  "R15 Type I": {
   "se": 7.689990407142271,
   "ub": 8.750341662515883,
   "sgcs": 0.4040270825988158,
   "bits": 22.0
  },
  "R15 Type II": {
   "se": 8.525744331694998,
   "ub": 8.750341662515883,
   "sgcs": 0.8534820645766812,
   "bits": 205.0
  },
  "R16 eType II": {
   "se": 8.528478113685948,
   "ub": 8.750341662515883,
   "sgcs": 0.8553707376041095,
   "bits": 157.0
  },
  "R17 FeType II PS": {
   "se": 8.571204441849343,
   "ub": 8.75034166291132,
   "sgcs": 0.8818728617561686,
   "bits": 162.0
  },
  "R18 eType II Doppler": {
   "se": 8.5326853484166,
   "ub": 8.75143525848159,
   "sgcs": 0.8572389257534839,
   "bits": 208.875
  }
 },
 "se_upper_bound": [
  7.005477319662327,
  7.901387554565656,
  8.440718566719367,
  8.839289040837473
 ]
}