{
 "ports": [
  8,
  16,
  24,
  32
 ],
 "sweep": {
  "R15 Type I": {
   "se": [
    6.6567954441707995,
    7.324171666988974,
    7.684793943950657,
    8.026108758988999
   ],
   "ub": [
    6.976982782108983,
    7.878955342815093,
    8.429419336350891,
    8.818570790533583
   ],
   "sgcs": [
    0.7720157276730572,
    0.6363685967807345,
    0.5673097821313419,
    0.5423715708048691
   ],
   "bits": [
    22.0,
    23.0,
    24.0,
    24.0
   ]
  },
  "R15 Type II": {
   "se": [
    6.922481438865268,
    7.804807293500132,
    8.332010113085843,
    8.676022943852999
   ],
   "ub": [
    6.976982782108983,
    7.878955342815093,
    8.429419336350891,
    8.818570790533583
   ],
   "sgcs": [
    0.9588161592898394,
    0.9469510687797631,
    0.9322884403654572,
    0.9033712437519564
   ],
   "bits": [
    183.52,
    196.76,
    199.72,
    203.64
   ]
  },
  "R16 eType II": {
   "se": [
    6.941402431586661,
    7.812479594890016,
    8.334982128559824,
    8.677090449786098
   ],
   "ub": [
    6.976982782108983,
    7.878955342815093,
    8.429419336350891,
    8.818570790533583
   ],
   "sgcs": [
    0.972703946251394,
    0.9526685715645619,
    0.935071580888553,
    0.9051566122654019
   ],
   "bits": [
    140.7,
    155.82,
    158.94,
    161.36
   ]
  },
  "R17 FeType II PS": {
   "se": [
    6.808319269621904,
    7.735951897305614,
    8.293463885222494,
    8.656479369444732
   ],
   "ub": [
    6.9769827799232065,
    7.878955341339576,
    8.429419336518952,
    8.81857079036164
   ],
   "sgcs": [
    0.8779461338300163,
    0.8993111853180145,
    0.9073088911549676,
    0.8917346890014963
   ],
   "bits": [
    41.0,
    82.0,
    121.58,
    161.58
   ]
  },
  "R18 eType II Doppler": {
   "se": [
    6.9446177277066115,
    7.818563400743518,
    8.341901499588463,
    8.68815624875341
   ],
   "ub": [
    6.975663571823455,
    7.87949878293873,
    8.430280159027054,
    8.819517893788253
   ],
   "sgcs": [
    0.9758691496626903,
    0.9564147125543551,
    0.9390682740917652,
    0.9115175378363483
   ],
   "bits": [
    186.76,
    206.08,
    212.42,
    225.34
   ]
  }
 },
 "contrast_16x1": {
  "R15 Type I": {
   "se": 7.8942278326851865,
   "ub": 8.772145595488466,
   "sgcs": 0.49622346895868125,
   "bits": 22.0
  },
  "R15 Type II": {
   "se": 8.563390199848627,
   "ub": 8.772145595488466,
   "sgcs": 0.8624066677870299,
   "bits": 205.0
  },
  "R16 eType II": {
   "se": 8.567084310262633,
   "ub": 8.772145595488466,
   "sgcs": 0.8653688818969862,
   "bits": 157.54
  },
  "R17 FeType II PS": {
   "se": 8.61201398050231,
   "ub": 8.772145596068555,
   "sgcs": 0.8919681649369028,
   "bits": 161.86
  },
  "R18 eType II Doppler": {
   "se": 8.570695953190807,
   "ub": 8.772321156848683,
   "sgcs": 0.8675665451268503,
   "bits": 206.82
  }
 },
 "se_upper_bound": [
  6.976982782108983,
  7.878955342815093,
  8.429419336350891,
  8.818570790533583
 ]
}