{
 "raw": {
  "R15 Type I": {
   "SE@10dB rank1": 7.321041390101107,
   "SE@10dB rank2": 10.717638583689428,
   "SGCS rank1": 0.6382204834287644,
   "bits": 23.0,
   "mobility SGCS": 0.5153633845493745,
   "compactness": 1.0
  },
  "R15 Type II": {
   "SE@10dB rank1": 7.799241572274151,
   "SE@10dB rank2": 11.940689610232779,
   "SGCS rank1": 0.9467894622178902,
   "bits": 197.4,
   "mobility SGCS": 0.6696065201906406,
   "compactness": 0.11651469098277609
  },
  "R16 eType II": {
   "SE@10dB rank1": 7.807329878757341,
   "SE@10dB rank2": 11.976545796838492,
   "SGCS rank1": 0.953004902498897,
   "bits": 155.63333333333333,
   "mobility SGCS": 0.693991221523016,
   "compactness": 0.1477832512315271
  },
  "R17 FeType II PS": {
   "SE@10dB rank1": 7.728619555764168,
   "SE@10dB rank2": 11.776407484005944,
   "SGCS rank1": 0.8982404767868957,
   "bits": 82.0,
   "mobility SGCS": 0.6276745234055039,
   "compactness": 0.2804878048780488
  },
  "R18 eType II Doppler": {
   "SE@10dB rank1": 7.813581650285071,
   "SE@10dB rank2": 11.998754286050838,
   "SGCS rank1": 0.9567574855894123,
   "bits": 206.5,
   "mobility SGCS": 0.9168290884081342,
   "compactness": 0.11138014527845036
  }
 },
 "normalized": [
  [
   0.0,
   0.0,
   0.0,
   1.0,
   0.0
  ],
  [
   0.9708854703459893,
   0.9546764779238661,
   0.96870685884557,
   0.005778112740835219,
   0.38420003043530376
  ],
  [
   0.9873070852616285,
   0.9826647279621891,
   0.9882193181166979,
   0.04096589307526076,
   0.4449392196063772
  ],
  [
   0.8275022340525632,
   0.8264428406934246,
   0.8162944700126087,
   0.19030371502625112,
   0.2797527603893203
  ],
  [
   1.0,
   1.0,
   1.0,
   0.0,
   1.0
  ]
 ],
 "axes": [
  "SE@10dB rank1",
  "SE@10dB rank2",
  "SGCS rank1",
  "compactness",
  "mobility SGCS"
 ]
}