{
 "vs_paths": {
  "paths": [
   1,
   2,
   3,
   4,
   6,
   8,
   12
  ],
  "R15 Type I": [
   0.6382204834287644,
   0.6382204834287644,
   0.6382204834287644,
   0.6382204834287644,
   0.6382204834287644,
   0.6382204834287644,
   0.6382204834287644
  ],
  "R15 Type II": [
   0.9467894622178902,
   0.9467894622178902,
   0.9467894622178902,
   0.9467894622178902,
   0.9467894622178902,
   0.9467894622178902,
   0.9467894622178902
  ],
  "R16 eType II": [
   0.953004902498897,
   0.953004902498897,
   0.953004902498897,
   0.953004902498897,
   0.953004902498897,
   0.953004902498897,
   0.953004902498897
  ],
  "R17 FeType II PS": [
   0.8982404767868957,
   0.8982404767868957,
   0.8982404767868957,
   0.8982404767868957,
   0.8982404767868957,
   0.8982404767868957,
   0.8982404767868957
  ],
  "R18 eType II Doppler": [
   0.9567574855894123,
   0.9567574855894123,
   0.9567574855894123,
   0.9567574855894123,
   0.9567574855894123,
   0.9567574855894123,
   0.9567574855894123
  ]
 },
 "vs_meas_snr": {
  "meas_snr_db": [
   -10.0,
   -5.0,
   0.0,
   5.0,
   10.0,
   15.0,
   20.0,
   null
  ],
  "R15 Type I": [
   0.3277270791946056,
   0.49638761996061365,
   0.5671564510661123,
   0.6186380967543058,
   0.632671126465681,
   0.6354662455161151,
   0.6364813574335625,
   0.6382204834287644
  ],
  "R15 Type II": [
   0.1737677590010687,
   0.35197181113998466,
   0.6184665367159318,
   0.8236506055546392,
   0.9100523267678918,
   0.9356666102412152,
   0.9430699159408754,
   0.9467894622178902
  ],
  "R16 eType II": [
   0.19325495686952468,
   0.42734660376852157,
   0.7067284419857744,
   0.864979792086412,
   0.9259627246737615,
   0.9457971369236546,
   0.9514422096809277,
   0.953004902498897
  ],
  "R17 FeType II PS": [
   0.2303995074801075,
   0.5438522654050044,
   0.7503329575432537,
   0.8540376637605562,
   0.8882349986815626,
   0.895096205818592,
   0.896699624262699,
   0.8982404767868957
  ],
  "R18 eType II Doppler": [
   0.29823113856799754,
   0.5859381478499128,
   0.8022000238775612,
   0.9094272607380042,
   0.9458209902806345,
   0.9542052451240153,
   0.9562591865356523,
   0.9567574855894123
  ],
  "R16 eType II (4-slot meas.)": [
   0.48795030016714663,
   0.7452139502020575,
   0.8860635329292524,
   0.932679028884438,
   0.9453721640725938,
   0.9522820672463641,
   0.9532488686676115,
   0.9537365133200825
  ]
 }
}