{
 "vs_paths": {
  "paths": [
   1,
   2,
   3,
   4,
   6,
   8,
   12
  ],
  "R15 Type I": [
   0.5747490145931902,
   0.5747490145931902,
   0.5747490145931902,
   0.5747490145931902,
   0.5747490145931902,
   0.5747490145931902,
   0.5747490145931902
  ],
  "R15 Type II": [
   0.9230411347186097,
   0.9230411347186097,
   0.9230411347186097,
   0.9230411347186097,
   0.9230411347186097,
   0.9230411347186097,
   0.9230411347186097
  ],
  "R16 eType II": [
   0.9300293295331423,
   0.9300293295331423,
   0.9300293295331423,
   0.9300293295331423,
   0.9300293295331423,
   0.9300293295331423,
   0.9300293295331423
  ],
  "R17 FeType II PS": [
   0.8927662656466432,
   0.8927662656466432,
   0.8927662656466432,
   0.8927662656466432,
   0.8927662656466432,
   0.8927662656466432,
   0.8927662656466432
  ],
  "R18 eType II Doppler": [
   0.9344891414353838,
   0.9344891414353838,
   0.9344891414353838,
   0.9344891414353838,
   0.9344891414353838,
   0.9344891414353838,
   0.9344891414353838
  ]
 },
 "vs_meas_snr": {
  "meas_snr_db": [
   -10.0,
   -5.0,
   0.0,
   5.0,
   10.0,
   15.0,
   20.0,
   null
  ],
  "R15 Type I": [
   0.3387196986302232,
   0.4978356774835888,
   0.5491708445137626,
   0.5622939074195425,
   0.5699069382697104,
   0.5733200926733196,
   0.5747490145931902,
   0.5747490145931902
  ],
  "R15 Type II": [
   0.1751740589939376,
   0.4584115469831105,
   0.7318685333003176,
   0.8552745988476281,
   0.9032382854637181,
   0.9159549263735715,
   0.9199303941246937,
   0.9230411347186097
  ],
  "R16 eType II": [
   0.22188771733944224,
   0.5749747275024378,
   0.7986061536034977,
   0.8884093530505902,
   0.9177671706029031,
   0.9244149570250655,
   0.9304861195951517,
   0.9300293295331423
  ],
  "R17 FeType II PS": [
   0.22162000663843498,
   0.5649752749664938,
   0.7929646136600763,
   0.8642504833884385,
   0.8842682487104822,
   0.8897974955712692,
   0.8923594879405905,
   0.8927662656466432
  ],
  "R18 eType II Doppler": [
   0.4374984713332282,
   0.701015870048477,
   0.8554299639443694,
   0.9212946522774875,
   0.9328054175522503,
   0.9330591581468731,
   0.935121483090002,
   0.9344891414353838
  ],
  "R16 eType II (4-slot meas.)": [
   0.6465842271001672,
   0.8387065991209239,
   0.9051166738449248,
   0.923445019748353,
   0.9271047068760857,
   0.9298133311977792,
   0.9299355222782766,
   0.930776301041714
  ]
 }
}