{
 "snr_db": [
  -5.0,
  0.0,
  5.0,
  10.0,
  15.0,
  20.0,
  25.0,
  30.0
 ],
 "ranks": {
  "1": {
   "R15 Type I": [
    2.5712876576917654,
    4.051466062148073,
    5.649915914391377,
    7.290498306062477,
    8.944952880580779,
    10.603851930911606,
    12.264162313661457,
    13.924919588551534
   ],
   "R15 Type II": [
    2.993765566925236,
    4.523940128694691,
    6.1408914410661,
    7.787646544257025,
    9.444087338845936,
    11.103617979603392,
    12.764128440254261,
    14.424949020549924
   ],
   "R16 eType II": [
    3.003635852526058,
    4.534743313144518,
    6.1520279068662855,
    7.798892773652918,
    9.45536873530603,
    11.114910543193684,
    12.775424539854887,
    14.436246238801221
   ],
   "R17 FeType II PS": [
    2.93281858487202,
    4.456762533984969,
    6.071460535229111,
    7.717470188769494,
    9.373671792233187,
    11.033126442509978,
    12.693612837517573,
    14.35442580404847
   ],
   "R18 eType II Doppler": [
    3.0092897756624275,
    4.540987203526479,
    6.158486018142799,
    7.805421860436796,
    9.461920607268068,
    11.12146965512108,
    12.781985944745115,
    14.442808369139042
   ],
   "eigen upper bound": [
    3.062303651797689,
    4.598954689710485,
    6.218223144987041,
    7.865741849028478,
    9.522427345080313,
    11.18203569498213,
    12.84257076235038,
    14.50339912727101
   ],
   "sgcs": {
    "R15 Type I": 0.6260546117912056,
    "R15 Type II": 0.9433761051229248,
    "R16 eType II": 0.9520666956980073,
    "R17 FeType II PS": 0.8949629151266164,
    "R18 eType II Doppler": 0.9559100790102794
   },
   "subspace_sgcs": {
    "R15 Type I": 0.6260546117912059,
    "R15 Type II": 0.9433761051229248,
    "R16 eType II": 0.9520666956980073,
    "R17 FeType II PS": 0.8949629151266167,
    "R18 eType II Doppler": 0.9559100790102794
   },
   "overhead_bits": {
    "R15 Type I": 23.0,
    "R15 Type II": 197.48,
    "R16 eType II": 155.61,
    "R17 FeType II PS": 82.0,
    "R18 eType II Doppler": 209.72
   }
  },
  "2": {
   "R15 Type I": [
    2.5390838634031563,
    4.74323462407906,
    7.54278908872044,
    10.661348348628053,
    13.912618942456486,
    17.211362786003786,
    20.525863810691718,
    23.845433224500376
   ],
   "R15 Type II": [
    3.266235552975559,
    5.769668436424118,
    8.753925670950684,
    11.95586345468453,
    15.238165218180388,
    18.547377353900746,
    21.86526518275693,
    25.185913699701292
   ],
   "R16 eType II": [
    3.2846937950647934,
    5.794946337993873,
    8.782901122835998,
    11.986339443281727,
    15.26916529908131,
    18.578549106071172,
    21.89649185780156,
    25.217157807929166
   ],
   "R17 FeType II PS": [
    3.1613587245255714,
    5.621244761469967,
    8.579843109116206,
    11.770854273340872,
    15.04926220419313,
    18.35718975426273,
    21.674665635591975,
    24.99518329644785
   ],
   "R18 eType II Doppler": [
    3.2972128350723198,
    5.813066111267396,
    8.804327157835665,
    12.009157523303989,
    15.292474368152389,
    18.602019334168958,
    21.920013669466016,
    25.240695994862367
   ],
   "eigen upper bound": [
    3.402315243625328,
    5.953863600437808,
    8.964129744777967,
    12.176554743256355,
    15.462496280825542,
    18.772896832234967,
    22.09116441277282,
    25.411933418759737
   ],
   "sgcs": {
    "R15 Type I": 0.2968652432211681,
    "R15 Type II": 0.9228202750634289,
    "R16 eType II": 0.9343417896239953,
    "R17 FeType II PS": 0.8626759463492111,
    "R18 eType II Doppler": 0.9422794164786219
   },
   "subspace_sgcs": {
    "R15 Type I": 0.625577137670764,
    "R15 Type II": 0.9334756398153387,
    "R16 eType II": 0.9414726417627283,
    "R17 FeType II PS": 0.8804556669279868,
    "R18 eType II Doppler": 0.9481409798597531
   },
   "overhead_bits": {
    "R15 Type I": 17.0,
    "R15 Type II": 389.24,
    "R16 eType II": 306.52,
    "R17 FeType II PS": 155.0,
    "R18 eType II Doppler": 439.8
   }
  }
 }
}