{
 "raw": {
  "R15 Type I": {
   "SE@10dB rank1": 8.149438983915852,
   "SE@10dB rank2": 12.306993784921588,
   "SGCS rank1": 0.5747490145931902,
   "bits": 24.0,
   "mobility SGCS": 0.5228607557262804,
   "compactness": 1.0
  },
  "R15 Type II": {
   "SE@10dB rank1": 8.773345778241115,
   "SE@10dB rank2": 13.779961452410063,
   "SGCS rank1": 0.9230411347186097,
   "bits": 204.0,
   "mobility SGCS": 0.5441274075126807,
   "compactness": 0.11764705882352941
  },
  "R16 eType II": {
   "SE@10dB rank1": 8.783751371618127,
   "SE@10dB rank2": 13.850089426236522,
   "SGCS rank1": 0.9300293295331423,
   "bits": 160.75,
   "mobility SGCS": 0.7588919651426045,
   "compactness": 0.14930015552099535
  },
  "R17 FeType II PS": {
   "SE@10dB rank1": 8.72875779622681,
   "SE@10dB rank2": 13.725511231556588,
   "SGCS rank1": 0.8927662656466432,
   "bits": 162.0,
   "mobility SGCS": 0.746273762386694,
   "compactness": 0.14814814814814814
  },
  "R18 eType II Doppler": {
   "SE@10dB rank1": 8.79258484163221,
   "SE@10dB rank2": 13.8688755896343,
   "SGCS rank1": 0.9344891414353838,
   "bits": 218.125,
   "mobility SGCS": 0.8893124037083404,
   "compactness": 0.11002865329512894
  }
 },
 "normalized": [
  [
   0.0,
   0.0,
   0.0,
   1.0,
   0.0
  ],
  [
   0.9700860027935054,
   0.9430724290686061,
   0.9681770092837158,
   0.00856028180750729,
   0.058033991396980796
  ],
  [
   0.9862652151015182,
   0.9879720966457939,
   0.9876026843560941,
   0.04412670404645002,
   0.6440991893912269
  ],
  [
   0.9007580556733535,
   0.9082104947729501,
   0.8840193999068582,
   0.0428322720660132,
   0.6096657168570052
  ],
  [
   1.0,
   1.0,
   1.0,
   0.0,
   1.0
  ]
 ],
 "axes": [
  "SE@10dB rank1",
  "SE@10dB rank2",
  "SGCS rank1",
  "compactness",
  "mobility SGCS"
 ]
}