{
 "snr_db": [
  -5.0,
  0.0,
  5.0,
  10.0,
  15.0,
  20.0,
  25.0,
  30.0
 ],
 "se_fixed": {
  "Type I": {
   "1": [
    4.089600345278113,
    5.690779587075491,
    7.332299426643031,
    8.98705855211971,
    10.646054743455892,
    12.306395928995862,
    13.9671629530182,
    15.628064690463766
   ],
   "2": [
    5.478886589170282,
    8.45358029694027,
    11.653820156657545,
    14.93583047580852,
    18.24498148328255,
    21.56285334908739,
    24.883497163956328,
    28.20501897468852
   ],
   "3": [
    5.1839158153559,
    8.841396670626256,
    13.230937316913748,
    17.992312973343967,
    22.900520201876365,
    27.859271950483596,
    32.83447573334182,
    37.81493107975672
   ],
   "4": [
    5.132579830101391,
    9.106850237911821,
    14.177428065355082,
    20.011589833704427,
    26.29462140997156,
    32.79938166750881,
    39.395132415160134,
    46.023260836696394
   ]
  },
  "R16": {
   "1": [
    4.551259513319763,
    6.169322109610311,
    7.816447141313405,
    9.473006872381685,
    11.13257532310911,
    12.793097760329367,
    14.45392212995306,
    16.114842004550372
   ],
   "2": [
    6.201399885844726,
    9.260981964919965,
    12.493678129797004,
    15.786680334137932,
    19.099387432129234,
    22.418392109033874,
    25.739394986492233,
    29.061030426687505
   ],
   "3": [
    6.173174760542408,
    10.152926091025048,
    14.728350390058264,
    19.567927582956266,
    24.503732217287645,
    29.4715439477269,
    34.4496477772428,
    39.431023760142274
   ],
   "4": [
    5.652808989050177,
    9.929563626824944,
    15.315065002031417,
    21.397703481344625,
    27.822797121319113,
    34.38858910003762,
    41.00623963781473,
    47.64160889705695
   ]
  }
 },
 "se_auto": {
  "Type I": [
   5.527646567901524,
   9.140523764985481,
   14.177428065355082,
   20.011589833704427,
   26.29462140997156,
   32.79938166750881,
   39.395132415160134,
   46.023260836696394
  ],
  "R16": [
   6.237614841857763,
   10.218055547490366,
   15.333608522881246,
   21.397703481344625,
   27.822797121319113,
   34.38858910003762,
   41.00623963781473,
   47.64160889705695
  ]
 },
 "se_upper_bound": [
  6.108017045504571,
  10.66018546680969,
  16.28723604021599,
  22.52203537840343,
  29.021483391734805,
  35.61769769686745,
  42.24626717007618,
  48.885266275767265
 ],
 "rank_fractions": [
  [
   0.0,
   0.625,
   0.375,
   0.0
  ],
  [
   0.0,
   0.0,
   0.625,
   0.375
  ],
  [
   0.0,
   0.0,
   0.125,
   0.875
  ],
  [
   0.0,
   0.0,
   0.0,
   1.0
  ],
  [
   0.0,
   0.0,
   0.0,
   1.0
  ],
  [
   0.0,
   0.0,
   0.0,
   1.0
  ],
  [
   0.0,
   0.0,
   0.0,
   1.0
  ],
  [
   0.0,
   0.0,
   0.0,
   1.0
  ]
 ]
}