{
 "n3": [
  4,
  8,
  12,
  18,
  24,
  32
 ],
 "sgcs": {
  "R15 Type I": [
   0.5763106487382182,
   0.5747490145931902,
   0.5750738833465743,
   0.5752711640306618,
   0.5766264043337155,
   0.5744169605426254
  ],
  "R15 Type II": [
   0.9261312175320348,
   0.9230411347186097,
   0.9199869469485413,
   0.9245499520941758,
   0.923783952457461,
   0.9205294115911726
  ],
  "R16 eType II pc4 (p_v=1/4)": [
   0.8429272600495108,
   0.898454316210679,
   0.9204762575429881,
   0.934034445920734,
   0.9355138133317631,
   0.9344019213305308
  ],
  "R16 eType II pc6 (p_v=1/2)": [
   0.9043644420305156,
   0.9300293295331423,
   0.9359723845917467,
   0.9382744661451299,
   0.936847134324154,
   0.934754999142499
  ]
 },
 "bits": {
  "R15 Type I": [
   16.0,
   24.0,
   32.0,
   44.0,
   56.0,
   72.0
  ],
  "R15 Type II": [
   121.5,
   204.0,
   286.5,
   410.25,
   534.0,
   699.0
  ],
  "R16 eType II pc4 (p_v=1/4)": [
   50.0,
   90.0,
   130.0,
   193.0,
   216.0,
   251.0
  ],
  "R16 eType II pc6 (p_v=1/2)": [
   89.0,
   160.75,
   215.5,
   258.0,
   289.375,
   336.375
  ]
 }
}