{
 "snr_db": [
  -5.0,
  0.0,
  5.0,
  10.0,
  15.0,
  20.0,
  25.0,
  30.0
 ],
 "se_fixed": {
  "1": [
   3.65780795309985,
   5.237604511714575,
   6.871899742249737,
   8.524324423298431,
   10.182577295182606,
   11.842682908215625,
   13.503375386119442,
   15.164253544853429
  ],
  "2": [
   4.547040374338141,
   7.387241224432268,
   10.534548592098592,
   13.79845062439024,
   17.10172410285243,
   20.41772170881092,
   23.737771251956776,
   27.05910497906897
  ],
  "3": [
   4.34690014425566,
   7.836144777979781,
   12.147519281410274,
   16.8782236888624,
   21.775679382964032,
   26.730892683873762,
   31.704962124240428,
   36.685057165401204
  ],
  "4": [
   3.80576687937445,
   7.323142566938308,
   12.102435553215209,
   17.79830525668681,
   24.031384257542662,
   30.520278162334417,
   37.1109623351519,
   43.73746164334535
  ]
 },
 "se_auto": [
  4.561221141427697,
  7.847847827963846,
  12.329696197607563,
  17.82671931667354,
  24.031384257542662,
  30.520278162334417,
  37.1109623351519,
  43.73746164334535
 ],
 "se_upper_bound": [
  3.998228291117822,
  7.6543922821851105,
  12.579286435948928,
  18.39066778514376,
  24.69273230254068,
  31.21343950202324,
  37.8162251897172,
  44.44684737628521
 ],
 "rank_fractions": [
  [
   0.0,
   0.8833333333333333,
   0.11666666666666667,
   0.0
  ],
  [
   0.0,
   0.06666666666666667,
   0.9333333333333333,
   0.0
  ],
  [
   0.0,
   0.0,
   0.5166666666666667,
   0.48333333333333334
  ],
  [
   0.0,
   0.0,
   0.15,
   0.85
  ],
  [
   0.0,
   0.0,
   0.0,
   1.0
  ],
  [
   0.0,
   0.0,
   0.0,
   1.0
  ],
  [
   0.0,
   0.0,
   0.0,
   1.0
  ],
  [
   0.0,
   0.0,
   0.0,
   1.0
  ]
 ]
}