{
 "models": [
  "A",
  "B",
  "C",
  "D",
  "E"
 ],
 "drops": 80,
 "seed": 0,
 "snr_db": 10.0,
 "sgcs": {
  "R15 Type I": [
   0.5954018902098609,
   0.29797138965318853,
   0.496012226915743,
   0.8724225242341351,
   0.8528773921763794
  ],
  "R15 Type II": [
   0.9165716061950825,
   0.6017871351305043,
   0.8231594528386349,
   0.9581379963000242,
   0.9194514982253086
  ],
  "R16 eType II": [
   0.9524478938871805,
   0.6609171612234703,
   0.8326222433367316,
   0.9541743133841593,
   0.8351658210192682
  ],
  "R17 FeType II PS": [
   0.9544848721252294,
   0.7867392754200729,
   0.8912108608104694,
   0.9551041488722326,
   0.7988064264984833
  ],
  "oracle-SVD 8-bit": [
   0.9253581814168556,
   0.9255998095377642,
   0.9251622558409451,
   0.928294249855627,
   0.9311723740691786
  ]
 }
}