{
 "model": "C",
 "drops": 80,
 "seed": 0,
 "snr_db": [
  -5.0,
  0.0,
  5.0,
  10.0,
  15.0,
  20.0,
  25.0,
  30.0
 ],
 "se": {
  "R15 Type I": [
   3.085430920497834,
   4.621458489797938,
   6.24040216774122,
   7.887802237599135,
   9.544448503881977,
   11.204044272718713,
   12.864575343920603,
   14.525402443369842
  ],
  "R15 Type II": [
   3.61927441896855,
   5.196502935720261,
   6.829911093247037,
   8.482046986873467,
   10.14020768208239,
   11.80028405999936,
   13.46096728429028,
   15.121842515908275
  ],
  "R16 eType II": [
   3.6343324470528877,
   5.212525854930513,
   6.846266984897511,
   8.498511249709066,
   10.156706532753129,
   11.816793880425474,
   13.47748057688052,
   15.138356906815854
  ],
  "R17 FeType II PS": [
   3.724835985604927,
   5.3083778280201575,
   6.943947933720662,
   8.596785582868124,
   10.255170054822447,
   11.915317385118241,
   13.576023065372897,
   15.236905400077067
  ],
  "oracle-SVD 8-bit": [
   3.772204957623836,
   5.358630538551816,
   6.995188068488398,
   8.648346206537536,
   10.306832873572807,
   11.967012606325067,
   13.627728541714319,
   15.28861412023539
  ]
 },
 "eigen_upper_bound": [
  3.874656602229588,
  5.466313560957318,
  7.104639983072208,
  8.758369822864779,
  10.41703854045178,
  12.077275969864449,
  13.738010163292518,
  15.39890151678867
 ],
 "sgcs": {
  "R15 Type I": 0.496012226915743,
  "R15 Type II": 0.8231594528386349,
  "R16 eType II": 0.8326222433367316,
  "R17 FeType II PS": 0.8912108608104694,
  "oracle-SVD 8-bit": 0.9251622558409451
 },
 "overhead_bits": {
  "R15 Type I": 22.0,
  "R15 Type II": 149.1,
  "R16 eType II": 88.0,
  "R17 FeType II PS": 161.5625,
  "oracle-SVD 8-bit": 2048.0
 }
}