{
 "vs_paths": {
  "paths": [
   1,
   2,
   3,
   4,
   6,
   8,
   12
  ],
  "R15 Type I": [
   0.9288830584096783,
   0.7842534268081605,
   0.7189348672685305,
   0.6418119714130541,
   0.5795186769583675,
   0.5068997937218487,
   0.4529833860022203
  ],
  "R15 Type II": [
   0.9806261327399558,
   0.9564761960225459,
   0.9248775516798831,
   0.9038181289101745,
   0.8636713313342574,
   0.8395330652739604,
   0.7903257211025013
  ],
  "R16 eType II": [
   0.9929740187447381,
   0.9707670150230475,
   0.9440392024828453,
   0.9226778594660593,
   0.8836697658071133,
   0.8490410005432217,
   0.802518078281824
  ],
  "R17 FeType II PS": [
   0.9553068665280254,
   0.8447275264492425,
   0.78105593500325,
   0.7291415396430184,
   0.6768257142507312,
   0.617718486651233,
   0.5798351836693155
  ],
  "R18 eType II Doppler": [
   0.9929888850586895,
   0.9734128578191521,
   0.9519917609302637,
   0.9353804907115877,
   0.9044615672703199,
   0.8804847966375557,
   0.8392013261734681
  ]
 },
 "vs_meas_snr": {
  "meas_snr_db": [
   -10.0,
   -5.0,
   0.0,
   5.0,
   10.0,
   15.0,
   20.0,
   null
  ],
  "R15 Type I": [
   0.3009390311378125,
   0.5177609649505176,
   0.6001503098831447,
   0.6236022241416755,
   0.6287463286492417,
   0.6305125946098908,
   0.6308446680552324,
   0.6418119714130541
  ],
  "R15 Type II": [
   0.17912425101324106,
   0.38214740786253903,
   0.6575426382106092,
   0.824664314245319,
   0.8835613335630279,
   0.9014023341026245,
   0.9056921654322981,
   0.9038181289101745
  ],
  "R16 eType II": [
   0.1911679430166268,
   0.43804487457690106,
   0.7343867617938623,
   0.866762240030769,
   0.9078677045762427,
   0.9202949191100124,
   0.9245897476302194,
   0.9226778594660593
  ],
  "R17 FeType II PS": [
   0.18428331641210563,
   0.42226816331415545,
   0.6377719943640388,
   0.7206268106779675,
   0.7494453487305583,
   0.7473196266763739,
   0.7454741873745696,
   0.7291415396430184
  ],
  "R18 eType II Doppler": [
   0.3158579384114192,
   0.6080909200716456,
   0.8318604402558881,
   0.9056896751513864,
   0.931253841470307,
   0.9385206960496355,
   0.939430876822507,
   0.9353804907115877
  ],
  "R16 eType II (4-slot meas.)": [
   0.535569910576374,
   0.7834337160692176,
   0.8839458424556782,
   0.9158268252195929,
   0.9269977658343826,
   0.9298114048588982,
   0.9297519928064895,
   0.9226778594660593
  ]
 }
}