{
 "two_port": {
  "snr_db": [
   -5.0,
   0.0,
   5.0,
   10.0,
   15.0,
   20.0,
   25.0,
   30.0
  ],
  "rank1": {
   "se": [
    0.8505122708234041,
    1.7376631042545179,
    2.988810556861814,
    4.474446356606311,
    6.071170966025341,
    7.710570778660069,
    9.36457003002869,
    11.023316222514653
   ],
   "bound": [
    0.9067158189218012,
    1.828678663225038,
    3.106850767727129,
    4.607101228591444,
    6.209926932907572,
    7.851502474163212,
    9.506220837355766,
    11.165197824230676
   ],
   "bits": 8.0
  },
  "rank2": {
   "se": [
    0.6013416893223165,
    1.3879251222610116,
    2.7250747880574187,
    4.6368862104546595,
    7.059599337396627,
    9.875215050972795,
    12.941362748299436,
    16.140857184823833
   ],
   "bound": [
    0.6013416893223162,
    1.3879251222610116,
    2.7250747880574187,
    4.6368862104546595,
    7.059599337396628,
    9.875215050972793,
    12.941362748299435,
    16.14085718482383
   ],
   "bits": 4.0
  }
 },
 "refined_modes": {
  "ranks": [
   1,
   2,
   3,
   4,
   5,
   6,
   7,
   8
  ],
  "modeA": {
   "se_10db": [
    10.586599337698859,
    12.976431395874451,
    16.192421299359285,
    16.59350288295119,
    23.150407227776387,
    23.68283183390311,
    23.795987460166025,
    24.468946323412236
   ],
   "bits": [
    17.0,
    15.0,
    15.0,
    15.0,
    28.0,
    28.0,
    35.0,
    35.0
   ]
  },
  "modeB": {
   "se_10db": [
    10.583983160872728,
    17.362548864619395,
    22.330257407030775,
    25.469602634346305,
    22.651640270553024,
    23.387779308027607,
    24.927607691422278,
    25.02056902536881
   ],
   "bits": [
    17.0,
    30.0,
    43.0,
    56.0,
    31.0,
    27.0,
    38.0,
    34.0
   ]
  }
 },
 "cjt_delay": {
  "delays": [
   0,
   1,
   2,
   3,
   4,
   5,
   6,
   7
  ],
  "mode1": [
   0.8524057782901435,
   0.8615002284704256,
   0.8596391081092538,
   0.8524057782901435,
   0.8560698624076186,
   0.8577555662189971,
   0.8573369096990309,
   0.8596391081092538
  ],
  "mode2": [
   0.8524057782901435,
   0.4728040118582592,
   0.4610086806706651,
   0.46092413521110576,
   0.46093825184727505,
   0.46056957590352204,
   0.4609065462682944,
   0.47095130521895057
  ]
 },
 "multipanel": {
  "ranks": [
   1,
   2,
   3,
   4
  ],
  "modeA": [
   0.6044761380942862,
   0.1971350622842971,
   0.12306500028861987,
   0.10281252215453807
  ],
  "modeB": [
   0.6046583554172774,
   0.46894032541819486,
   0.43179201889132235,
   0.40227759538837304
  ],
  "multi-panel": [
   0.5775236536473307,
   0.18935422359082743,
   0.13705230503789584,
   0.10857693675969737
  ]
 }
}