{
 "snr_db": [
  -5.0,
  0.0,
  5.0,
  10.0,
  15.0,
  20.0,
  25.0,
  30.0
 ],
 "se_fixed": {
  "Type I": {
   "1": [
    3.1578220907857357,
    4.684330698012602,
    6.2988749244785405,
    7.944690349410454,
    9.600813643065765,
    11.260241754718232,
    12.920719577121831,
    14.581529814629734
   ],
   "2": [
    3.1564305340064416,
    5.5162092420606434,
    8.393231977685057,
    11.540382883072356,
    14.799894618234058,
    18.100641214235203,
    21.41562596062817,
    24.73532597329555
   ],
   "3": [
    2.5432026295275754,
    4.869274645954515,
    8.087309876620273,
    12.022176361889704,
    16.44967413991546,
    21.16887786619305,
    26.038481002575956,
    30.9767245159955
   ],
   "4": [
    2.2935146472340247,
    4.529207861471375,
    7.7345543277163475,
    11.786483912451523,
    16.5093690649029,
    21.748032950152304,
    27.39545156971575,
    33.37517698401613
   ]
  },
  "R16": {
   "1": [
    3.524260912674345,
    5.083767381006701,
    6.71062398746686,
    8.360576409003018,
    10.01803482012294,
    11.67788791382684,
    13.33850040850716,
    14.999353261342057
   ],
   "2": [
    4.187648305404014,
    6.882623356951509,
    9.955500968183618,
    13.190139744559243,
    16.48328843930801,
    19.79597455362994,
    23.114964763131486,
    26.435962239010223
   ],
   "3": [
    3.789450192248105,
    6.852622992699408,
    10.80462323353233,
    15.327160967620983,
    20.133926236646655,
    25.055882859742734,
    30.018770587675146,
    34.99524862764216
   ],
   "4": [
    3.291014064908287,
    6.231844136807022,
    10.28808257999675,
    15.27651994034462,
    20.962993910825446,
    27.117176409736565,
    33.540380643464616,
    40.09534039160387
   ]
  }
 },
 "se_auto": {
  "Type I": [
   3.338263645482131,
   5.590190623311954,
   8.664615346984723,
   12.443298403016417,
   16.90255875673777,
   21.97033827315078,
   27.509736381439897,
   33.43975617445337
  ],
  "R16": [
   4.193609830015242,
   7.028595295793148,
   10.855159495692288,
   15.549944979822325,
   21.04348544475264,
   27.13699649062408,
   33.54783266408188,
   40.09534039160387
  ]
 },
 "se_upper_bound": [
  3.6891042150702247,
  6.954685548464738,
  11.396067990046841,
  16.76846072171104,
  22.77656053589853,
  29.148049395185648,
  35.689674743210915,
  42.29852453292483
 ],
 "rank_fractions": [
  [
   0.06666666666666667,
   0.9,
   0.03333333333333333,
   0.0
  ],
  [
   0.0,
   0.55,
   0.43333333333333335,
   0.016666666666666666
  ],
  [
   0.0,
   0.1,
   0.8,
   0.1
  ],
  [
   0.0,
   0.0,
   0.6,
   0.4
  ],
  [
   0.0,
   0.0,
   0.18333333333333332,
   0.8166666666666667
  ],
  [
   0.0,
   0.0,
   0.03333333333333333,
   0.9666666666666667
  ],
  [
   0.0,
   0.0,
   0.016666666666666666,
   0.9833333333333333
  ],
  [
   0.0,
   0.0,
   0.0,
   1.0
  ]
 ]
}