{
 "ports": [
  8,
  16,
  24,
  32
 ],
 "sweep": {
  "R15 Type I": {
   "se": [
    6.061065556645556,
    6.980726335876886,
    7.529093146196649,
    7.917281470242712
   ],
   "ub": [
    6.543430824053861,
    7.538687730688335,
    8.108959812817055,
    8.510460805741111
   ],
   "sgcs": [
    0.697913848070477,
    0.6621354116376712,
    0.6512424067992643,
    0.642360468228024
   ],
   "bits": [
    22.0,
    23.0,
    24.0,
    24.0
   ]
  },
  "R15 Type II": {
   "se": [
    6.420119506346535,
    7.405746379591421,
    7.966745993078477,
    8.36022409590391
   ],
   "ub": [
    6.543430824053861,
    7.538687730688335,
    8.108959812817055,
    8.510460805741111
   ],
   "sgcs": [
    0.9141874872201968,
    0.9085837803238448,
    0.9035789834567377,
    0.8990816137907801
   ],
   "bits": [
    195.04,
    201.08,
    203.56,
    205.08
   ]
  },
  "R16 eType II": {
   "se": [
    6.452922984590255,
    7.43437980308874,
    7.991229291646332,
    8.37823114589169
   ],
   "ub": [
    6.543430824053861,
    7.538687730688335,
    8.108959812817055,
    8.510460805741111
   ],
   "sgcs": [
    0.9352504798713062,
    0.9270583894274229,
    0.9194238715161254,
    0.910608147979019
   ],
   "bits": [
    151.76,
    155.96,
    155.58,
    156.74
   ]
  },
  "R17 FeType II PS": {
   "se": [
    6.017687731666507,
    7.089644049473573,
    7.743874063545067,
    8.207728084796663
   ],
   "ub": [
    6.54343082405386,
    7.538687730688334,
    8.108959812817055,
    8.510460805741111
   ],
   "sgcs": [
    0.6902838667788367,
    0.7274189089582896,
    0.7749892770111871,
    0.8086237716638588
   ],
   "bits": [
    41.0,
    81.58,
    120.32,
    158.92
   ]
  },
  "R18 eType II Doppler": {
   "se": [
    6.49892871862232,
    7.450712245939045,
    8.001623394816315,
    8.387699649076644
   ],
   "ub": [
    6.543430824053861,
    7.538687730688335,
    8.108959812817055,
    8.510460805741111
   ],
   "sgcs": [
    0.9661898642778074,
    0.9380961371757088,
    0.9263991695240109,
    0.9165415046023871
   ],
   "bits": [
    251.3,
    237.02,
    220.68,
    218.2
   ]
  }
 },
 "contrast_16x1": {
  "R15 Type I": {
   "se": 7.941795842030076,
   "ub": 8.520203434365243,
   "sgcs": 0.6450860221790677,
   "bits": 22.0
  },
  "R15 Type II": {
   "se": 8.396936316565661,
   "ub": 8.520203434365243,
   "sgcs": 0.9158246500863143,
   "bits": 204.04
  },
  "R16 eType II": {
   "se": 8.41406915773077,
   "ub": 8.520203434365243,
   "sgcs": 0.9275328247798271,
   "bits": 153.9
  },
  "R17 FeType II PS": {
   "se": 8.241959679270806,
   "ub": 8.520203434365243,
   "sgcs": 0.823769133755558,
   "bits": 159.76
  },
  "R18 eType II Doppler": {
   "se": 8.421689865058408,
   "ub": 8.520203434365243,
   "sgcs": 0.9326248058868015,
   "bits": 215.5
  }
 },
 "se_upper_bound": [
  6.543430824053861,
  7.538687730688335,
  8.108959812817055,
  8.510460805741111
 ]
}