{
 "raw": {
  "R15 Type I": {
   "SE@10dB rank1": 6.907837591934506,
   "SE@10dB rank2": 8.373884304398617,
   "SGCS rank1": 0.6418119714130541,
   "bits": 23.0,
   "mobility SGCS": 0.6326104064667984,
   "compactness": 1.0
  },
  "R15 Type II": {
   "SE@10dB rank1": 7.356013730641487,
   "SE@10dB rank2": 10.134591964102487,
   "SGCS rank1": 0.9038181289101745,
   "bits": 201.4,
   "mobility SGCS": 0.7235827644720961,
   "compactness": 0.11420059582919563
  },
  "R16 eType II": {
   "SE@10dB rank1": 7.385062423521022,
   "SE@10dB rank2": 10.172303611161121,
   "SGCS rank1": 0.9226778594660593,
   "bits": 156.95,
   "mobility SGCS": 0.734798837839397,
   "compactness": 0.1465434851863651
  },
  "R17 FeType II PS": {
   "SE@10dB rank1": 7.054480525636088,
   "SE@10dB rank2": 9.381631861342667,
   "SGCS rank1": 0.7291415396430184,
   "bits": 81.65,
   "mobility SGCS": 0.6377217027575486,
   "compactness": 0.2816901408450704
  },
  "R18 eType II Doppler": {
   "SE@10dB rank1": 7.404127021046378,
   "SE@10dB rank2": 10.224989532360159,
   "SGCS rank1": 0.9353804907115877,
   "bits": 239.56666666666666,
   "mobility SGCS": 0.9172826585399344,
   "compactness": 0.09600667872547655
  }
 },
 "normalized": [
  [
   0.0,
   0.0,
   0.0,
   1.0,
   0.0
  ],
  [
   0.9030539689491441,
   0.9511656242485911,
   0.8924872398551802,
   0.020126163186767587,
   0.31956875790593636
  ],
  [
   0.9615857271844932,
   0.971538127382928,
   0.9567302676871462,
   0.055903959986825597,
   0.3589687109593845
  ],
  [
   0.29547865640419835,
   0.5444031715332539,
   0.2974759297714676,
   0.20540357738241047,
   0.017955021093650447
  ],
  [
   1.0,
   1.0,
   1.0,
   0.0,
   1.0
  ]
 ],
 "axes": [
  "SE@10dB rank1",
  "SE@10dB rank2",
  "SGCS rank1",
  "compactness",
  "mobility SGCS"
 ]
}