{
 "ports": [
  8,
  16,
  24,
  32
 ],
 "se": {
  "R15 Type I": [
   6.061065556645556,
   6.980726335876886,
   7.529093146196649,
   7.917281470242712
  ],
  "R15 Type II": [
   6.420119506346535,
   7.405746379591421,
   7.966745993078477,
   8.36022409590391
  ],
  "R16 eType II": [
   6.452922984590255,
   7.43437980308874,
   7.991229291646332,
   8.37823114589169
  ]
 },
 "sgcs": {
  "R15 Type I": [
   0.697913848070477,
   0.6621354116376712,
   0.6512424067992643,
   0.642360468228024
  ],
  "R15 Type II": [
   0.9141874872201968,
   0.9085837803238448,
   0.9035789834567377,
   0.8990816137907801
  ],
  "R16 eType II": [
   0.9352504798713062,
   0.9270583894274229,
   0.9194238715161254,
   0.910608147979019
  ]
 },
 "bits": {
  "R15 Type I": [
   22.0,
   23.0,
   24.0,
   24.0
  ],
  "R15 Type II": [
   195.04,
   201.08,
   203.56,
   205.08
  ],
  "R16 eType II": [
   151.76,
   155.96,
   155.58,
   156.74
  ]
 },
 "se_upper_bound": [
  6.543430824053861,
  7.538687730688335,
  8.108959812817055,
  8.510460805741111
 ]
}