{
 "snr_db": [
  -5.0,
  0.0,
  5.0,
  10.0,
  15.0,
  20.0,
  25.0,
  30.0
 ],
 "ranks": {
  "1": {
   "R15 Type I": [
    2.473955122588835,
    3.8940081248191087,
    5.4637363505473715,
    7.093653698624617,
    8.744542353068512,
    10.402292996266851,
    12.062238094760978,
    13.722879642405491
   ],
   "R15 Type II": [
    2.8243699252744214,
    4.302127304113359,
    5.8968696819038335,
    7.535792897453664,
    9.1896639467166,
    10.848372191507092,
    12.508621595015596,
    14.169359522020688
   ],
   "R16 eType II": [
    2.8474372389267786,
    4.327837847752236,
    5.923612853488031,
    7.56288934061351,
    9.216875072082262,
    10.875619888972041,
    12.535880888533002,
    14.19662248563514
   ],
   "R17 FeType II PS": [
    2.5762526907995476,
    4.01528773152366,
    5.593484382112603,
    7.226480610324405,
    8.878391742444537,
    10.536470957783456,
    12.19652049562176,
    13.857195123850433
   ],
   "R18 eType II Doppler": [
    2.86200048594178,
    4.344525949934979,
    5.94120857469646,
    7.580811365972843,
    9.234905214162263,
    10.893684756630853,
    12.553956792513663,
    14.214701885170175
   ],
   "eigen upper bound": [
    2.936805915096352,
    4.428986273350788,
    6.029598037210064,
    7.670573583083857,
    9.325116843002228,
    10.984040122458346,
    12.644357777080707,
    14.305117312259886
   ],
   "sgcs": {
    "R15 Type I": 0.6504044378138181,
    "R15 Type II": 0.9078614324708877,
    "R16 eType II": 0.9256663300671245,
    "R17 FeType II PS": 0.7335030982540178,
    "R18 eType II Doppler": 0.9373411741592368
   },
   "overhead_bits": {
    "R15 Type I": 23.0,
    "R15 Type II": 201.8,
    "R16 eType II": 155.4,
    "R17 FeType II PS": 81.72,
    "R18 eType II Doppler": 236.67
   }
  },
  "2": {
   "R15 Type I": [
    1.9701097936494656,
    3.6582679903587607,
    5.9344256807840585,
    8.669644250889787,
    11.70124080030206,
    14.893758568173807,
    18.16332197206822,
    21.465958886361573
   ],
   "R15 Type II": [
    2.6847392122249154,
    4.76834381398328,
    7.425371928410893,
    10.448730724357539,
    13.65455514557843,
    16.935584917944396,
    20.243936495017724,
    23.56148997459994
   ],
   "R16 eType II": [
    2.712040192225996,
    4.803093769891381,
    7.4638517957813235,
    10.488127731139803,
    13.693796480383226,
    16.974496147026063,
    20.282625221453607,
    23.600080196732055
   ],
   "R17 FeType II PS": [
    2.3751932764406813,
    4.27091189659422,
    6.755127745989938,
    9.66141023533047,
    12.805769665495218,
    16.05936854878161,
    19.35619818372391,
    22.66858165576053
   ],
   "R18 eType II Doppler": [
    2.7312964766937697,
    4.834231091764504,
    7.50566750370382,
    10.537265638211268,
    13.746927019429135,
    17.029405827981574,
    20.33822002827604,
    23.655914136094196
   ],
   "eigen upper bound": [
    2.8631576089015867,
    5.026677279769141,
    7.745383023230385,
    10.804436943225287,
    14.0266997916282,
    17.314126133315106,
    20.624706994519805,
    23.942993334438878
   ],
   "sgcs": {
    "R15 Type I": 0.26332739711274494,
    "R15 Type II": 0.8753088356944424,
    "R16 eType II": 0.891073639272405,
    "R17 FeType II PS": 0.6732116434682431,
    "R18 eType II Doppler": 0.9072540429736605
   },
   "overhead_bits": {
    "R15 Type I": 17.0,
    "R15 Type II": 391.88,
    "R16 eType II": 304.28,
    "R17 FeType II PS": 154.51,
    "R18 eType II Doppler": 483.41
   }
  }
 }
}