{
 "ports": [
  8,
  16,
  24,
  32
 ],
 "sweep": {
  "R15 Type I": {
   "se": [
    6.061065556645556,
    6.980726335876886,
    7.529093146196649,
    7.917281470242712
   ],
   "ub": [
    6.54343082405386,
    7.538687730688337,
    8.108959812817055,
    8.510460805741111
   ],
   "sgcs": [
    0.697913848070477,
    0.6621354116376712,
    0.6512424067992643,
    0.642360468228024
   ],
   "bits": [
    22.0,
    23.0,
    24.0,
    24.0
   ]
  },
  "R15 Type II": {
   "se": [
    6.42089112009132,
    7.403843473787598,
    7.967036560059995,
    8.360224095903911
   ],
   "ub": [
    6.54343082405386,
    7.538687730688337,
    8.108959812817055,
    8.510460805741111
   ],
   "sgcs": [
    0.9146115221972341,
    0.907264257786118,
    0.9036766383868137,
    0.8990816137907801
   ],
   "bits": [
    195.04,
    201.08,
    203.56,
    205.08
   ]
  },
  "R16 eType II": {
   "se": [
    6.458373276371731,
    7.4339198364724135,
    7.991342548579211,
    8.37823114589169
   ],
   "ub": [
    6.54343082405386,
    7.538687730688337,
    8.108959812817055,
    8.510460805741111
   ],
   "sgcs": [
    0.9392813174808141,
    0.9267321196967617,
    0.9195086183391159,
    0.910608147979019
   ],
   "bits": [
    152.88,
    157.06,
    156.54,
    157.7
   ]
  },
  "R17 FeType II PS": {
   "se": [
    6.017687731666507,
    7.089644049473573,
    7.743874063545067,
    8.207728084796663
   ],
   "ub": [
    6.543430824053861,
    7.538687730688334,
    8.108959812817055,
    8.510460805741111
   ],
   "sgcs": [
    0.6902838667788369,
    0.7274189089582896,
    0.7749892770111871,
    0.8086237716638588
   ],
   "bits": [
    41.0,
    81.58,
    120.32,
    158.92
   ]
  },
  "R18 eType II Doppler": {
   "se": [
    6.49791716530695,
    7.450805979175783,
    8.001393817824939,
    8.387699649076644
   ],
   "ub": [
    6.54343082405386,
    7.538687730688337,
    8.108959812817055,
    8.510460805741111
   ],
   "sgcs": [
    0.9662359637492703,
    0.9381922095792469,
    0.9262252925503104,
    0.9165415046023871
   ],
   "bits": [
    250.16,
    237.62,
    221.46,
    218.8
   ]
  }
 },
 "contrast_16x1": {
  "R15 Type I": {
   "se": 7.941795842030076,
   "ub": 8.520203434365243,
   "sgcs": 0.6450860221790677,
   "bits": 22.0
  },
  "R15 Type II": {
   "se": 8.396936316565661,
   "ub": 8.520203434365243,
   "sgcs": 0.9158246500863143,
   "bits": 204.04
  },
  "R16 eType II": {
   "se": 8.414062213907647,
   "ub": 8.520203434365243,
   "sgcs": 0.927527987219568,
   "bits": 154.88
  },
  "R17 FeType II PS": {
   "se": 8.241959679270806,
   "ub": 8.520203434365243,
   "sgcs": 0.8237691337555578,
   "bits": 159.76
  },
  "R18 eType II Doppler": {
   "se": 8.421689865058408,
   "ub": 8.520203434365243,
   "sgcs": 0.9326248058868013,
   "bits": 216.12
  }
 },
 "se_upper_bound": [
  6.54343082405386,
  7.538687730688337,
  8.108959812817055,
  8.510460805741111
 ]
}