{
 "per_interval": {
  "R15 Type II": [
   0.9043669390696175,
   0.8884424603297013,
   0.8424339593374591,
   0.7785768537751829,
   0.712293863141126,
   0.6561551784109324,
   0.6169772846068421,
   0.5954813236511801
  ],
  "R16 eType II": [
   0.922671439050632,
   0.9057805625222589,
   0.8579950040704692,
   0.7917720038374767,
   0.722935337301189,
   0.6646768390175468,
   0.6245579187759294,
   0.6035904129644618
  ],
  "R18 eType II Doppler N4=2": [
   0.9331014016012615,
   0.9325894390914763,
   0.9093005617323386,
   0.855975231169867,
   0.7867356817522245,
   0.7171047488157144,
   0.6591604740404655,
   0.6192162596294646
  ],
  "R18 eType II Doppler N4=4": [
   0.9135294349577378,
   0.9326062711649807,
   0.9325515815180334,
   0.9099114345904786,
   0.8742987040117686,
   0.8196070502035069,
   0.7579031654809262,
   0.7004591502351276
  ],
  "R18 eType II Doppler N4=8": [
   0.858257625321802,
   0.9156194603284361,
   0.9287110720917082,
   0.9280482878844389,
   0.9290280529186317,
   0.9307520276863683,
   0.9174308217441115,
   0.8602697853519179
  ]
 },
 "aging": {
  "delays": [
   0,
   1,
   2,
   3,
   4,
   6
  ],
  "R15 Type I": [
   0.6418119714130542,
   0.640925436167832,
   0.6377573353004851,
   0.6338361160179135,
   0.6309689973052831,
   0.6291048867946276
  ],
  "R15 Type II": [
   0.9043669390696174,
   0.8884424603297012,
   0.8424339593374593,
   0.7785768537751829,
   0.7122938631411259,
   0.6169772846068419
  ],
  "R16 eType II": [
   0.9226714390506319,
   0.9057805625222589,
   0.857995004070469,
   0.7917720038374768,
   0.7229353373011889,
   0.6245579187759293
  ],
  "R17 FeType II PS": [
   0.7291415396430184,
   0.7191848844467875,
   0.6944123595144978,
   0.6617286366985053,
   0.6292927370465854,
   0.5894600117115623
  ],
  "R18 eType II Doppler": [
   0.9221496805578077,
   0.9044527858111086,
   0.858810773521711,
   0.7970128477352396,
   0.7328576535516907,
   0.6388901181697669
  ]
 }
}