{
 "per_interval": {
  "R15 Type II": [
   0.9038181289101748,
   0.8879231455272275,
   0.8419571894003229,
   0.7781584724196002,
   0.7119513442759421,
   0.6559065392248161,
   0.6168397597400233,
   0.5954693389967922
  ],
  "R16 eType II": [
   0.9226778594660593,
   0.9056881714876914,
   0.8577885877217567,
   0.7914565702620926,
   0.7225345917489651,
   0.6642226034049852,
   0.6240733340474692,
   0.6030825361685115
  ],
  "R18 eType II Doppler N4=2": [
   0.9331014016012615,
   0.9325894390914763,
   0.9093005617323386,
   0.855975231169867,
   0.7867356817522246,
   0.7171047488157143,
   0.6591604740404656,
   0.6192162596294646
  ],
  "R18 eType II Doppler N4=4": [
   0.9135294349577378,
   0.9326062711649807,
   0.9325515815180334,
   0.9099114345904785,
   0.8742987040117687,
   0.8196070502035069,
   0.7579031654809262,
   0.7004591502351276
  ],
  "R18 eType II Doppler N4=8": [
   0.8583154196977091,
   0.9156113600920862,
   0.9286456205307293,
   0.9279566762201182,
   0.9289355827203355,
   0.9306643513149656,
   0.9173304231657664,
   0.8601302696459189
  ]
 },
 "aging": {
  "delays": [
   0,
   1,
   2,
   3,
   4,
   6
  ],
  "R15 Type I": [
   0.6418119714130541,
   0.6409254361678319,
   0.6377573353004851,
   0.6338361160179135,
   0.6309689973052831,
   0.6291048867946275
  ],
  "R15 Type II": [
   0.9038181289101745,
   0.8879231455272271,
   0.841957189400323,
   0.7781584724196001,
   0.711951344275942,
   0.6168397597400231
  ],
  "R16 eType II": [
   0.9226778594660593,
   0.9056881714876917,
   0.8577885877217566,
   0.7914565702620926,
   0.7225345917489651,
   0.6240733340474695
  ],
  "R17 FeType II PS": [
   0.7291415396430184,
   0.7191848844467875,
   0.6944123595144978,
   0.6617286366985053,
   0.6292927370465854,
   0.5894600117115623
  ],
  "R18 eType II Doppler": [
   0.9221496805578077,
   0.9044527858111086,
   0.8588107735217109,
   0.7970128477352396,
   0.7328576535516907,
   0.6388901181697669
  ],
  "R18 eType II Doppler (delay-aware)": [
   0.9221496805578077,
   0.9123419978213153,
   0.8840921925809467,
   0.8404300885716702,
   0.7880670174828325,
   0.6853263081151775
  ]
 }
}