{
 "snr_db": [
  -5.0,
  0.0,
  5.0,
  10.0,
  15.0,
  20.0,
  25.0,
  30.0
 ],
 "se_fixed": {
  "1": [
   3.5234337319718665,
   5.082905089570333,
   6.709749852707619,
   8.35969844880478,
   10.01715564197385,
   11.677008349696758,
   13.337620722235838,
   14.99847353643794
  ],
  "2": [
   4.18784282217214,
   6.883927590296663,
   9.957483009444013,
   13.192400693785652,
   16.48564613416342,
   19.798363786407727,
   23.117364066658475,
   26.438364737049405
  ],
  "3": [
   3.789527208978537,
   6.851646973481326,
   10.801796079722,
   15.322478763939584,
   20.128083077811706,
   25.049550427021458,
   30.01226989291346,
   34.988693586978165
  ],
  "4": [
   3.2837539803316402,
   6.221336351912467,
   10.274270245205274,
   15.259449202818933,
   20.942918945549767,
   27.095228357445997,
   33.51788152789074,
   40.07279268142055
  ]
 },
 "se_auto": [
  4.193804346783369,
  7.0301826780764625,
  10.851970645880037,
  15.544123430875771,
  21.026780486794674,
  27.1060501413044,
  33.51788152789074,
  40.07279268142055
 ],
 "se_upper_bound": [
  3.6891042150702242,
  6.954685548464737,
  11.396067990046841,
  16.76846072171104,
  22.77656053589853,
  29.148049395185648,
  35.689674743210915,
  42.29852453292482
 ],
 "rank_fractions": [
  [
   0.06666666666666667,
   0.9,
   0.03333333333333333,
   0.0
  ],
  [
   0.0,
   0.55,
   0.43333333333333335,
   0.016666666666666666
  ],
  [
   0.0,
   0.1,
   0.8,
   0.1
  ],
  [
   0.0,
   0.0,
   0.6166666666666667,
   0.38333333333333336
  ],
  [
   0.0,
   0.0,
   0.2,
   0.8
  ],
  [
   0.0,
   0.0,
   0.03333333333333333,
   0.9666666666666667
  ],
  [
   0.0,
   0.0,
   0.0,
   1.0
  ],
  [
   0.0,
   0.0,
   0.0,
   1.0
  ]
 ]
}