{
 "vs_paths": {
  "paths": [
   1,
   2,
   3,
   4,
   6,
   8,
   12
  ],
  "R15 Type I": [
   0.9288830584096783,
   0.7842534268081605,
   0.7189348672685305,
   0.6418119714130542,
   0.5795186769583675,
   0.5068997937218487,
   0.4529833860022203
  ],
  "R15 Type II": [
   0.9806103458509344,
   0.9570782272029393,
   0.9245827416211159,
   0.9043669390696174,
   0.8638937309699576,
   0.8414308810386925,
   0.7910065457452311
  ],
  "R16 eType II": [
   0.9927651264675029,
   0.9708638887112421,
   0.9439798967904803,
   0.9226714390506319,
   0.8838678626290141,
   0.8512394389434037,
   0.8036237440762481
  ],
  "R17 FeType II PS": [
   0.9553068665280254,
   0.8447275264492425,
   0.78105593500325,
   0.7291415396430184,
   0.6768257142507312,
   0.617718486651233,
   0.5798351836693155
  ],
  "R18 eType II Doppler": [
   0.9929644845200847,
   0.9733036909641647,
   0.9520434442087493,
   0.9353004303753061,
   0.9054889628295031,
   0.8809924960354014,
   0.8396629675035254
  ]
 },
 "vs_meas_snr": {
  "meas_snr_db": [
   -10.0,
   -5.0,
   0.0,
   5.0,
   10.0,
   15.0,
   20.0,
   null
  ],
  "R15 Type I": [
   0.3009390311378125,
   0.5177609649505176,
   0.6001503098831447,
   0.6236022241416755,
   0.6287463286492417,
   0.6305125946098908,
   0.6308446680552324,
   0.6418119714130542
  ],
  "R15 Type II": [
   0.17896710012431402,
   0.3811686801531218,
   0.6569832401365353,
   0.8240107017812234,
   0.884113688860504,
   0.9013151830479099,
   0.9065112656646406,
   0.9043669390696174
  ],
  "R16 eType II": [
   0.18500700677297985,
   0.4396535969401968,
   0.7336758665245491,
   0.8666027713032267,
   0.9085303715428642,
   0.9199970188075336,
   0.9255040493558416,
   0.9226714390506319
  ],
  "R17 FeType II PS": [
   0.18428331641210563,
   0.42226816331415545,
   0.6377719943640386,
   0.7206268106779675,
   0.7494453487305583,
   0.7473196266763739,
   0.7454741873745696,
   0.7291415396430184
  ],
  "R18 eType II Doppler": [
   0.31499744989508366,
   0.6073493182447177,
   0.831880260550905,
   0.905383831590629,
   0.9313782107879809,
   0.9385196054347752,
   0.9396288748504609,
   0.9353004303753061
  ]
 }
}