{
 "n3": [
  4,
  8,
  12,
  18,
  24,
  32
 ],
 "sgcs": {
  "R15 Type I": [
   0.6447958137464659,
   0.6418119714130542,
   0.6378000714244682,
   0.639459615586948,
   0.6403107482841599,
   0.6389741951980005
  ],
  "R15 Type II": [
   0.9135245490473479,
   0.9043669390696174,
   0.9011986896747743,
   0.9002596438635814,
   0.8982451322715544,
   0.8990280148941373
  ],
  "R16 eType II pc4 (p_v=1/4)": [
   0.7416585340386598,
   0.8615210632919795,
   0.897317660196696,
   0.9197436165647958,
   0.923612031304278,
   0.9282554943862958
  ],
  "R16 eType II pc6 (p_v=1/2)": [
   0.889344877323983,
   0.9226714390506319,
   0.9335943944605425,
   0.9352789734464267,
   0.937161334341555,
   0.937186182883238
  ]
 },
 "bits": {
  "R15 Type I": [
   15.0,
   23.0,
   31.0,
   43.0,
   55.0,
   71.0
  ],
  "R15 Type II": [
   117.8,
   201.4,
   284.6,
   409.4,
   534.2,
   700.6
  ],
  "R16 eType II pc4 (p_v=1/4)": [
   47.0,
   86.0,
   123.6,
   194.71666666666667,
   225.53333333333333,
   276.1
  ],
  "R16 eType II pc6 (p_v=1/2)": [
   85.0,
   155.86666666666667,
   216.86666666666667,
   299.01666666666665,
   367.96666666666664,
   428.96666666666664
  ]
 }
}