{
 "raw": {
  "R15 Type I": {
   "SE@10dB rank1": 6.907837591934506,
   "SE@10dB rank2": 8.367726128890656,
   "SGCS rank1": 0.6418119714130542,
   "bits": 23.0,
   "mobility SGCS": 0.6326104064667984,
   "compactness": 1.0
  },
  "R15 Type II": {
   "SE@10dB rank1": 7.356794228447819,
   "SE@10dB rank2": 10.133149368382425,
   "SGCS rank1": 0.9043669390696174,
   "bits": 201.4,
   "mobility SGCS": 0.7239017023618091,
   "compactness": 0.11420059582919563
  },
  "R16 eType II": {
   "SE@10dB rank1": 7.385070502928818,
   "SE@10dB rank2": 10.174038450214661,
   "SGCS rank1": 0.9226714390506319,
   "bits": 155.86666666666667,
   "mobility SGCS": 0.735162753382529,
   "compactness": 0.14756201881950384
  },
  "R17 FeType II PS": {
   "SE@10dB rank1": 7.054480525636088,
   "SE@10dB rank2": 9.381631861342669,
   "SGCS rank1": 0.7291415396430184,
   "bits": 81.65,
   "mobility SGCS": 0.6377217027575486,
   "compactness": 0.2816901408450704
  },
  "R18 eType II Doppler": {
   "SE@10dB rank1": 7.404048910015763,
   "SE@10dB rank2": 10.224464641400186,
   "SGCS rank1": 0.9353004303753061,
   "bits": 238.93333333333334,
   "mobility SGCS": 0.9174757070454544,
   "compactness": 0.09626116071428571
  }
 },
 "normalized": [
  [
   0.0,
   0.0,
   0.0,
   1.0,
   0.0
  ],
  [
   0.9047690372104616,
   0.9508195298354957,
   0.8946006551158208,
   0.019850242498251666,
   0.3204718009163197
  ],
  [
   0.9617533772499794,
   0.9728415224622183,
   0.9569693766857846,
   0.05676513598305087,
   0.36000294422456053
  ],
  [
   0.29552516913281923,
   0.5460681327074101,
   0.29755707784474217,
   0.20517982858559194,
   0.017942853272642872
  ],
  [
   1.0,
   1.0,
   1.0,
   0.0,
   1.0
  ]
 ],
 "axes": [
  "SE@10dB rank1",
  "SE@10dB rank2",
  "SGCS rank1",
  "compactness",
  "mobility SGCS"
 ]
}