{
 "n3": [
  4,
  8,
  12,
  18,
  24,
  32
 ],
 "sgcs": {
  "R15 Type I": [
   0.6447958137464659,
   0.6418119714130541,
   0.6378000714244682,
   0.639459615586948,
   0.6403107482841598,
   0.6389741951980005
  ],
  "R15 Type II": [
   0.9126444476004953,
   0.9038181289101745,
   0.9011986896747743,
   0.9000367211039465,
   0.8985270565458602,
   0.8991930174592586
  ],
  "R16 eType II pc4 (p_v=1/4)": [
   0.7409849521196857,
   0.8618944609158741,
   0.8964164362953224,
   0.9193250840749883,
   0.9233730044645192,
   0.927392443530276
  ],
  "R16 eType II pc6 (p_v=1/2)": [
   0.8876236132454288,
   0.9226778594660593,
   0.9331523083668672,
   0.9352938719854387,
   0.9370630839733727,
   0.9368431416060813
  ]
 },
 "bits": {
  "R15 Type I": [
   15.0,
   23.0,
   31.0,
   43.0,
   55.0,
   71.0
  ],
  "R15 Type II": [
   118.0,
   201.4,
   284.6,
   409.4,
   534.2,
   700.6
  ],
  "R16 eType II pc4 (p_v=1/4)": [
   46.0,
   86.0,
   124.56666666666666,
   196.56666666666666,
   227.45,
   277.98333333333335
  ],
  "R16 eType II pc6 (p_v=1/2)": [
   85.0,
   156.95,
   218.66666666666666,
   301.3666666666667,
   370.43333333333334,
   431.31666666666666
  ]
 }
}